Name,Mean,StandardDeviation,N.C. A&T,St. Mary's (Cal.),La Salle,James Madison,Illinois,Butler,Temple,Davidson,Pacific,California,Montana,LIU Brooklyn,Middle Tenn.,Wisconsin,Boise State,Iowa State,Arizona,Wichita State,Iona,Harvard,Southern Univ.,VCU,South Dakota State,Oklahoma,Minnesota,Western Kentucky,Northwestern State,Florida Gulf Coast,Liberty,North Carolina,Albany,Valparaiso,Cincinnati,Missouri,New Mexico St.,Oregon,Miami (FL),Bucknell,NC State,UNLV,Kansas State,Notre Dame,Pittsburgh,New Mexico,Akron,Georgetown,UCLA,Villanova,Duke,Memphis,Colorado State,Oklahoma State,Colorado,Syracuse,Belmont,Mississippi,Kansas,San Diego State,Michigan State,Saint Louis,Marquette,Gonzaga,Michigan,Creighton,Florida,Ohio State,Louisville,Indiana
N.C. A&T,0.0,0.00.0,0.0,0.0,0.0,0.0,0.0,0.0,0.0,0.0,0.0,0.0,0.0,0.0,0.0,0.0,0.0,0.0,0.0,0.0,0.0,0.0,0.0,0.0,0.0,0.0,0.0,0.0,0.0,0.0,0.0,0.0,0.0,0.0,0.0,0.0,0.0,0.0,0.0,0.0,0.0,0.0,0.0,0.0,0.0,0.0,0.0,0.0,0.0,0.0,0.0,0.0,0.0,0.0,0.0,0.0,0.0,0.0,0.0,0.0,0.0,0.0,0.0,0.0,0.0,0.0,0.0,0.0,0.0,
St. Mary's (Cal.),0.0,0.00.0,0.0,0.0,0.0,0.0,0.0,0.0,0.0,0.0,0.0,0.0,0.0,0.0,0.0,0.0,0.0,0.0,0.0,0.0,0.0,0.0,0.0,0.0,0.0,0.0,0.0,0.0,0.0,0.0,0.0,0.0,0.0,0.0,0.0,0.0,0.0,0.0,0.0,0.0,0.0,0.0,0.0,0.0,0.0,0.0,0.0,0.0,0.0,0.0,0.0,0.0,0.0,0.0,0.0,0.0,0.0,0.0,0.0,0.0,0.0,0.0,0.0,0.0,0.0,0.0,0.0,0.0,0.0,
La Salle,0.0,0.00.0,0.0,0.0,0.0,0.0,0.0,0.0,0.0,0.0,0.0,0.0,0.0,0.0,0.0,0.0,0.0,0.0,0.0,0.0,0.0,0.0,0.0,0.0,0.0,0.0,0.0,0.0,0.0,0.0,0.0,0.0,0.0,0.0,0.0,0.0,0.0,0.0,0.0,0.0,0.0,0.0,0.0,0.0,0.0,0.0,0.0,0.0,0.0,0.0,0.0,0.0,0.0,0.0,0.0,0.0,0.0,0.0,0.0,0.0,0.0,0.0,0.0,0.0,0.0,0.0,0.0,0.0,0.0,
James Madison,0.0,0.00.0,0.0,0.0,0.0,0.0,0.0,0.0,0.0,0.0,0.0,0.0,0.0,0.0,0.0,0.0,0.0,0.0,0.0,0.0,0.0,0.0,0.0,0.0,0.0,0.0,0.0,0.0,0.0,0.0,0.0,0.0,0.0,0.0,0.0,0.0,0.0,0.0,0.0,0.0,0.0,0.0,0.0,0.0,0.0,0.0,0.0,0.0,0.0,0.0,0.0,0.0,0.0,0.0,0.0,0.0,0.0,0.0,0.0,0.0,0.0,0.0,0.0,0.0,0.0,0.0,0.0,0.0,0.0,
Illinois,0.025627999999999998,0.0307703637359788940.0,0.0,0.0,0.0,9.468152844444449E-4,-1.6827020666666662E-4,2.5837986666666664E-5,-2.9425417777777742E-5,0.0,2.2145833333333354E-5,0.0,5.019958444444445E-5,-1.9400395999999995E-4,0.0010553132644444442,0.0,-0.0014857434066666666,2.853048666666668E-5,-3.5956177777777714E-5,1.4464847333333335E-4,-8.722062666666666E-5,-3.0269515555555554E-5,7.58234755555556E-5,0.0,-1.1131909555555549E-4,1.7934951777777777E-4,0.0,0.0,-3.0269515555555554E-5,0.0,2.0143604444444448E-4,0.0,-3.542860888888888E-5,7.012965333333335E-5,-0.0011903310399999994,-5.104319333333332E-5,1.269341688888889E-4,-2.873433333333332E-4,1.0994742888888889E-4,6.861090222222225E-5,-2.346174999999999E-4,2.2570500000000006E-4,4.060896222222227E-5,-9.165215555555557E-5,3.059789600000002E-4,-6.053903111111111E-5,-0.0013098021511111107,-1.8768729555555553E-4,-5.8323266666666644E-5,8.39649444444444E-4,4.3456673777777756E-4,-3.0269515555555554E-5,-3.2485279999999964E-5,-2.3498028444444443E-4,-2.5788888888890317E-6,-1.045104222222207E-5,-8.131270888888887E-5,0.002262358333333334,1.6217409555555564E-4,-8.240536133333332E-4,-3.5156902888888855E-4,-2.9783902666666664E-4,-9.733881777777758E-5,-4.281800000000002E-4,-2.796996533333333E-4,-2.998255555555554E-4,0.0012095659711111127,-9.363611111111108E-5,1.5713541555555625E-4,
Butler,0.012002,0.0220237436518963440.0,0.0,0.0,0.0,-1.6827020666666662E-4,4.850452844444445E-4,-2.9971875555555556E-5,-1.2387590444444446E-4,0.0,4.576805555555553E-5,0.0,-1.4175695555555558E-5,1.4101396E-4,6.160835555555417E-6,0.0,0.0010424420844444447,-4.417497777777794E-6,-8.046395555555559E-5,-4.0846806666666666E-5,-4.0846806666666666E-5,2.200173777777778E-5,-6.726604222222224E-5,0.0,-1.0827180444444446E-4,1.747645999999998E-5,0.0,0.0,-1.4175695555555558E-5,0.0,-4.017138222222223E-4,0.0,6.467292000000002E-5,-4.252708666666667E-5,-7.301070822222222E-4,-4.669373333333334E-6,-6.289857777777777E-6,2.1402111111111106E-4,-1.1172528444444447E-4,3.30076444444444E-6,-6.520472222222222E-5,-6.210777777777778E-5,7.970137777777783E-6,6.694511111111102E-6,7.694958444444446E-5,7.826042222222222E-6,-5.397443044444445E-4,-3.247201555555557E-5,5.8323266666666664E-5,4.101444444444446E-5,-6.068211822222226E-4,-1.4175695555555558E-5,3.240968888888867E-6,-7.386757111111112E-5,0.001639053888888889,-2.2505083555555557E-4,-5.5022502222222234E-5,-0.0011637222222222222,-7.175819555555555E-5,-5.380851422222223E-4,8.506288177777778E-4,-3.146763177777778E-4,-1.0397395999999993E-4,2.3193277777777758E-4,-1.9427913333333333E-5,4.920477777777776E-4,0.0018871268066666662,-4.986944444444445E-4,-9.702926377777781E-4,
Temple,0.003189000000000001,0.0051347778270664580.0,0.0,0.0,0.0,2.5837986666666664E-5,-2.9971875555555556E-5,2.6365943333333335E-5,3.7942013333333336E-5,0.0,-6.277605555555554E-6,0.0,-3.7665633333333337E-6,-2.4140730000000003E-5,-1.8484625111111114E-4,0.0,-1.6977999777777783E-4,2.0962359999999995E-5,4.2892049999999985E-5,-1.0853230000000002E-5,-1.0853230000000002E-5,-3.7665633333333337E-6,5.0053126666666695E-5,0.0,5.758389111111112E-5,6.491386666666665E-6,0.0,0.0,8.788647777777781E-6,0.0,2.191728833333333E-4,0.0,-7.533126666666667E-6,1.2555211111111118E-6,5.036718411111111E-4,-1.0853230000000002E-5,2.155764E-5,-4.1634166666666655E-5,-4.575624444444443E-6,-3.3452610000000006E-5,-3.889989444444445E-5,8.061083333333332E-5,-1.0044168888888891E-5,-1.3364272222222226E-5,-3.7867603333333334E-5,-7.533126666666667E-6,-1.4845503666666667E-4,3.602861333333333E-5,-6.277605555555554E-6,-4.931138888888891E-5,4.1863184111111103E-4,-3.7665633333333337E-6,-5.022084444444443E-6,6.937846666666664E-6,-2.063991666666667E-4,1.0334958444444446E-4,-2.064582222222222E-6,-1.8750138888888888E-4,-3.7505002222222224E-5,-5.034131777777777E-5,-9.515149222222222E-5,6.333826444444446E-5,9.672118888888895E-6,-9.389833333333336E-5,-1.218079888888889E-5,-1.319891666666667E-4,-2.0263260333333328E-4,-1.505916666666667E-4,2.919576744444444E-4,
Davidson,0.012001999999999999,0.0220237436518963440.0,0.0,0.0,0.0,-2.9425417777777742E-5,-1.2387590444444446E-4,3.7942013333333336E-5,4.850452844444445E-4,0.0,7.087847777777778E-5,0.0,2.200173777777778E-5,-1.0386040000000003E-5,3.6375805777777795E-4,0.0,-4.104402666666667E-5,9.973805777777777E-5,3.424086111111111E-4,6.339729333333333E-5,-4.0846806666666666E-5,-1.6204844444444432E-6,6.051173555555552E-5,0.0,3.949170844444444E-4,-6.299264000000001E-5,0.0,0.0,6.629340444444446E-5,0.0,-2.85067288888889E-4,0.0,-2.8351391111111115E-5,8.667465777777778E-5,0.002659084584444444,-4.0846806666666666E-5,-5.5022502222222234E-5,-8.877888888888886E-5,4.1098682222222215E-5,3.4535422222222162E-6,-2.4090681111111115E-4,2.1378333333333335E-5,-3.632152888888889E-5,-4.881694444444445E-5,1.0041902888888887E-4,-1.579618E-5,-0.0010115967377777777,1.3133041777777774E-4,-5.832326666666668E-5,1.2315055555555562E-4,-7.582211822222224E-4,-1.4175695555555558E-5,2.8351391111111122E-5,1.3437930666666665E-4,-1.7014888888888894E-4,-2.2505083555555557E-4,-5.5022502222222234E-5,0.0015871555555555556,5.601958222222222E-5,5.8280835555555597E-5,-1.4610415555555562E-5,-5.117919511111111E-4,-2.0812951555555545E-4,-1.1111166666666679E-4,-1.9307410222222223E-4,-3.6076888888888895E-4,-0.00103450896,-3.2448055555555564E-4,-8.36553404444445E-4,
Pacific,0.0,0.00.0,0.0,0.0,0.0,0.0,0.0,0.0,0.0,0.0,0.0,0.0,0.0,0.0,0.0,0.0,0.0,0.0,0.0,0.0,0.0,0.0,0.0,0.0,0.0,0.0,0.0,0.0,0.0,0.0,0.0,0.0,0.0,0.0,0.0,0.0,0.0,0.0,0.0,0.0,0.0,0.0,0.0,0.0,0.0,0.0,0.0,0.0,0.0,0.0,0.0,0.0,0.0,0.0,0.0,0.0,0.0,0.0,0.0,0.0,0.0,0.0,0.0,0.0,0.0,0.0,0.0,0.0,0.0,
California,0.005315,0.0056025019212649790.0,0.0,0.0,0.0,2.2145833333333354E-5,4.576805555555553E-5,-6.277605555555554E-6,7.087847777777778E-5,0.0,3.1388027777777784E-5,0.0,6.277605555555557E-6,4.0234550000000006E-5,2.2072604444444438E-4,0.0,2.9970694444444437E-4,7.441000000000006E-7,6.277605555555545E-6,1.8088716666666665E-5,-1.808871666666667E-5,6.277605555555557E-6,-2.3622222222222227E-5,0.0,3.3956944444444456E-5,-1.1811111111111118E-5,0.0,0.0,6.277605555555557E-6,0.0,-1.4579045000000004E-4,0.0,0.0,1.8832816666666667E-5,9.929010555555569E-5,-1.808871666666667E-5,-2.4366322222222225E-5,2.2145833333333354E-5,1.1811111111111108E-5,1.8088716666666672E-5,-1.0668386111111111E-4,-3.3956944444444456E-5,0.0,5.533505555555558E-6,7.566788333333335E-5,0.0,-3.502762166666667E-4,1.1811111111111098E-5,-6.277605555555554E-6,7.529583333333335E-5,-3.059845500000001E-4,-6.277605555555557E-6,1.2555211111111109E-5,0.0,3.9714861111111104E-4,-9.966215555555557E-5,-2.4366322222222225E-5,2.288402777777777E-4,2.2145833333333344E-5,-1.1811111111111112E-4,1.790151055555556E-4,-2.1408820000000004E-4,-6.23803833333333E-5,6.496111111111105E-5,-5.278976111111112E-5,2.2145833333333354E-5,2.0189322777777787E-4,-5.315000000000007E-5,-5.938803833333335E-4,
Montana,0.0,0.00.0,0.0,0.0,0.0,0.0,0.0,0.0,0.0,0.0,0.0,0.0,0.0,0.0,0.0,0.0,0.0,0.0,0.0,0.0,0.0,0.0,0.0,0.0,0.0,0.0,0.0,0.0,0.0,0.0,0.0,0.0,0.0,0.0,0.0,0.0,0.0,0.0,0.0,0.0,0.0,0.0,0.0,0.0,0.0,0.0,0.0,0.0,0.0,0.0,0.0,0.0,0.0,0.0,0.0,0.0,0.0,0.0,0.0,0.0,0.0,0.0,0.0,0.0,0.0,0.0,0.0,0.0,0.0,
LIU Brooklyn,0.001063,0.00336150115275898760.0,0.0,0.0,0.0,5.019958444444445E-5,-1.4175695555555558E-5,-3.7665633333333337E-6,2.200173777777778E-5,0.0,6.277605555555557E-6,0.0,1.1299690000000002E-5,-8.04691E-6,2.4670576444444444E-4,0.0,-6.496347333333334E-5,-4.575624444444443E-6,1.1592605555555558E-5,3.2559690000000005E-5,-3.617743333333334E-6,-1.2555211111111114E-6,-6.937846666666669E-6,0.0,-1.1813473333333334E-5,2.659862222222223E-6,0.0,0.0,-1.2555211111111114E-6,0.0,-2.4136005555555565E-5,0.0,-2.5110422222222227E-6,8.788647777777781E-6,-1.047492011111111E-4,-3.617743333333334E-6,-4.8732644444444456E-6,-1.3878055555555551E-5,2.659862222222223E-6,2.502656333333333E-5,-2.1336772222222227E-5,-1.1515833333333334E-5,5.022084444444446E-6,-8.639827777777779E-6,5.529135444444445E-5,-2.5110422222222227E-6,-9.05758677777778E-5,-1.2108751111111115E-5,-6.277605555555557E-6,1.0364250000000002E-4,-6.81347566666667E-5,-1.2555211111111114E-6,2.5110422222222236E-6,-9.746528888888891E-6,4.3405833333333324E-5,-1.9932431111111113E-5,-4.8732644444444456E-6,3.853375E-4,6.378236222222223E-5,-1.5796180000000005E-5,2.044857666666667E-5,-4.5328682222222234E-5,-1.9413923333333327E-5,-7.677222222222233E-6,-2.0304481111111112E-5,-2.0374166666666665E-5,-2.3954941222222224E-4,-2.657500000000002E-5,-1.7311191222222226E-4,
Middle Tenn.,0.006813,0.021544597698727170.0,0.0,0.0,0.0,-1.9400395999999995E-4,1.4101396E-4,-2.4140730000000003E-5,-1.0386040000000003E-5,0.0,4.0234550000000006E-5,0.0,-8.04691E-6,4.6416968999999996E-4,6.719132000000005E-5,0.0,0.00350587896,-2.932617999999999E-5,-1.5756955E-4,-2.318691E-5,-2.318691E-5,7.242219E-5,-1.2493528000000003E-4,0.0,-7.571514E-5,-6.342146E-5,0.0,0.0,-8.04691E-6,0.0,-2.3516205000000004E-4,0.0,-1.609382E-5,-2.4140730000000003E-5,-6.713605899999999E-4,-2.318691E-5,-3.123382000000001E-5,3.463275E-4,-6.342146E-5,9.000730000000004E-6,-1.3675204999999998E-4,-7.38075E-5,-4.8281460000000006E-5,1.7649455000000002E-4,7.049941E-5,6.437528E-5,-1.4524559000000004E-4,1.5426146E-4,4.0234550000000006E-5,-3.009075E-4,-5.171596900000002E-4,-8.04691E-6,1.609382E-5,1.8001459999999998E-5,0.0012622974999999996,-1.2775132E-4,-3.123382000000001E-5,-0.0012206625,-2.6479859999999974E-5,-2.5264117999999994E-4,6.609594099999999E-4,-2.9052146E-4,-2.0489719E-4,7.645699999999998E-4,1.0173323E-4,-2.8198249999999997E-4,-0.0014548555899999997,-1.7032500000000003E-4,-8.776430900000003E-4,
Wisconsin,0.059254,0.079242461989909310.0,0.0,0.0,0.0,0.0010553132644444442,6.160835555555417E-6,-1.8484625111111114E-4,3.6375805777777795E-4,0.0,2.2072604444444438E-4,0.0,2.4670576444444444E-4,6.719132000000005E-5,0.00627936778222222,0.0,4.066141688888889E-4,-1.3974443999999984E-4,-2.8892844444444272E-5,7.108746533333334E-4,3.020798666666669E-5,1.0483542222222225E-5,-3.518890955555556E-4,0.0,-4.488386088888888E-4,7.886458666666681E-5,0.0,0.0,-5.743034666666667E-5,0.0,-0.0015993575000000004,0.0,-2.332458222222224E-5,1.9975895999999998E-4,-0.004068349442222221,-9.741701333333332E-5,-1.9929180444444445E-4,3.254777777777835E-5,8.9995831111111E-5,6.490151400000004E-4,-6.262327111111111E-4,-5.503822222222223E-4,9.389360888888883E-5,-8.879604444444451E-5,0.0013831753466666665,-5.9502015555555556E-5,-2.1800131999999973E-4,-4.0692236444444456E-4,-9.596527777777777E-5,0.002490634444444445,-0.0034839640977777785,-6.998555777777778E-5,9.123847111111106E-5,-3.461777088888889E-4,0.002886099444444443,-0.0011110783377777777,-2.7164667111111114E-4,0.008339600000000003,0.0013409952755555551,2.991168044444443E-4,0.0012878247911111103,-0.0016624625022222223,-7.084446533333332E-4,2.7051833333333237E-4,-6.902772933333334E-4,-2.3669611111111087E-4,-0.002990045208888888,-0.0010856861111111125,-0.00702903409777778,
Boise State,0.0,0.00.0,0.0,0.0,0.0,0.0,0.0,0.0,0.0,0.0,0.0,0.0,0.0,0.0,0.0,0.0,0.0,0.0,0.0,0.0,0.0,0.0,0.0,0.0,0.0,0.0,0.0,0.0,0.0,0.0,0.0,0.0,0.0,0.0,0.0,0.0,0.0,0.0,0.0,0.0,0.0,0.0,0.0,0.0,0.0,0.0,0.0,0.0,0.0,0.0,0.0,0.0,0.0,0.0,0.0,0.0,0.0,0.0,0.0,0.0,0.0,0.0,0.0,0.0,0.0,0.0,0.0,0.0,0.0,
Iowa State,0.055001999999999995,0.16280372899087210.0,0.0,0.0,0.0,-0.0014857434066666666,0.0010424420844444447,-1.6977999777777783E-4,-4.104402666666667E-5,0.0,2.9970694444444437E-4,0.0,-6.496347333333334E-5,0.00350587896,4.066141688888889E-4,0.0,0.026505054173333327,-1.8950860888888898E-4,-0.0011554275000000003,-1.8719014000000004E-4,-1.5101270666666668E-4,5.470056266666666E-4,-9.237043755555559E-4,0.0,-5.18231248888889E-4,-4.6327486222222234E-4,0.0,0.0,-5.2408262222222225E-5,0.0,-0.0018859304888888897,0.0,-1.2992694666666668E-4,-1.8233520888888893E-4,-0.004602038748888889,-1.8719014000000004E-4,-2.159761800000001E-4,0.0026158155555555565,-4.868970844444445E-4,4.7553331111111006E-5,-0.0010789019444444447,-5.043188888888891E-4,-3.897808400000001E-4,0.001328880277777778,4.857265955555554E-4,4.820421533333333E-4,-7.215506266666678E-4,0.00117301264,3.122621555555554E-4,-0.002314096666666667,-0.00411379173777778,-6.496347333333334E-5,1.1737173555555543E-4,1.5639451777777757E-4,0.009349106666666666,-0.0010313486133333334,-2.521536133333334E-4,-0.009402750000000001,-2.3888486222222227E-4,-0.0016675463866666672,0.004931457917777778,-0.002228760973333334,-0.001592866737777778,0.005744293888888888,7.378802088888886E-4,-0.0022528494444444447,-0.011139868748888889,-0.0014459166666666678,-0.006255565971111114,
Arizona,0.014504000000000001,0.0119066509891647440.0,0.0,0.0,0.0,2.853048666666668E-5,-4.417497777777794E-6,2.0962359999999995E-5,9.973805777777777E-5,0.0,7.441000000000006E-7,0.0,-4.575624444444443E-6,-2.932617999999999E-5,-1.3974443999999984E-4,0.0,-1.8950860888888898E-4,1.4176833777777777E-4,2.8126965555555554E-4,-1.3184513333333333E-5,-1.3184513333333333E-5,-4.575624444444443E-6,9.698201555555558E-5,0.0,1.5559139111111117E-4,5.562625333333332E-5,0.0,0.0,1.904659777777778E-5,0.0,-4.0316444444444454E-4,0.0,1.447097333333334E-5,9.895348888888887E-6,0.0012573375022222224,5.488215333333334E-5,7.392875111111112E-5,-6.132777777777728E-6,-3.7550835555555556E-5,-2.9571248888888894E-5,2.2770756666666667E-4,1.0663166666666667E-4,-2.894194666666667E-5,-5.6597433333333355E-5,-4.6001597777777774E-5,-2.170646E-5,-1.6607548666666648E-4,-2.479514222222224E-5,-1.1811111111111108E-5,1.288983333333333E-4,-7.588354866666671E-4,-1.713083555555556E-5,-3.809319555555555E-5,-3.631042222222232E-6,-3.932755555555558E-4,-2.719661155555556E-4,-6.649278222222223E-5,0.0011795305555555556,-1.0954583555555551E-4,-6.312319555555551E-5,-1.99404931111111E-4,-1.8934528000000007E-4,-2.065799311111111E-4,-1.8198166666666692E-4,-1.4339979333333333E-4,-2.664877777777777E-4,4.26305624444444E-4,-4.870750000000003E-4,2.4738617999999987E-4,
Wichita State,0.020815,0.0277691720558367850.0,0.0,0.0,0.0,-3.5956177777777714E-5,-8.046395555555559E-5,4.2892049999999985E-5,3.424086111111111E-4,0.0,6.277605555555545E-6,0.0,1.1592605555555558E-5,-1.5756955E-4,-2.8892844444444272E-5,0.0,-0.0011554275000000003,2.8126965555555554E-4,7.711269166666666E-4,3.340371666666667E-5,-7.084038333333334E-5,-2.4584827777777778E-5,2.3501409999999992E-4,0.0,4.010666000000001E-4,3.968132222222222E-5,0.0,0.0,5.5884272222222224E-5,0.0,-5.213487833333336E-4,0.0,4.385465555555557E-5,4.2892049999999985E-5,0.0032133639944444447,1.6102871666666668E-4,8.928798888888887E-5,-9.672916666666669E-5,-7.711798888888892E-5,-2.1080938888888915E-5,6.640182277777778E-4,1.2159583333333332E-4,-1.8307222222222228E-5,-1.6917969444444445E-4,-2.7852672222222223E-5,-4.9169655555555556E-5,-0.0011994801055555558,-5.236877777777792E-6,-7.419149444444445E-5,3.648763888888888E-4,-0.0010910832277777783,-2.4584827777777778E-5,-6.747687777777778E-5,4.101867777777776E-5,-0.0011413180555555557,-3.9030437777777777E-4,-9.542521111111112E-5,0.003828170833333335,-8.232493333333333E-5,-3.615491E-4,-5.122217722222222E-4,-2.5505444444444446E-4,-3.5652906111111103E-4,-5.211972222222223E-4,-2.683878833333334E-4,-4.914513888888888E-4,-9.08134388888889E-5,-9.148638888888893E-4,-3.1270927222222305E-4,
Iona,0.0030629999999999998,0.0096860564730957450.0,0.0,0.0,0.0,1.4464847333333335E-4,-4.0846806666666666E-5,-1.0853230000000002E-5,6.339729333333333E-5,0.0,1.8088716666666665E-5,0.0,3.2559690000000005E-5,-2.318691E-5,7.108746533333334E-4,0.0,-1.8719014000000004E-4,-1.3184513333333333E-5,3.340371666666667E-5,9.381969E-5,-1.042441E-5,-3.617743333333334E-6,-1.9991180000000005E-5,0.0,-3.404014E-5,7.664306666666663E-6,0.0,0.0,-3.617743333333334E-6,0.0,-6.95471166666667E-5,0.0,-7.235486666666668E-6,2.5324203333333332E-5,-3.018314233333333E-4,-1.042441E-5,-1.4042153333333335E-5,-3.9989166666666667E-5,7.664306666666663E-6,7.211323000000001E-5,-6.148121666666668E-5,-3.31825E-5,1.447097333333333E-5,-2.4895383333333336E-5,1.5932024333333334E-4,-7.235486666666668E-6,-2.609914233333333E-4,-3.4890973333333345E-5,-1.808871666666667E-5,2.986425E-4,-1.9632809000000006E-4,-3.617743333333334E-6,7.235486666666665E-6,-2.808430666666667E-5,1.250725E-4,-5.7434653333333335E-5,-1.4042153333333335E-5,0.0011103375000000003,1.8378680666666667E-4,-4.5516179999999995E-5,5.892191E-5,-1.3061312666666668E-4,-5.594058999999999E-5,-2.2121666666666686E-5,-5.850670333333334E-5,-5.87075E-5,-6.902538566666667E-4,-7.657500000000003E-5,-4.988163566666668E-4,
Harvard,0.0030629999999999998,0.0096860564730957450.0,0.0,0.0,0.0,-8.722062666666666E-5,-4.0846806666666666E-5,-1.0853230000000002E-5,-4.0846806666666666E-5,0.0,-1.808871666666667E-5,0.0,-3.617743333333334E-6,-2.318691E-5,3.020798666666669E-5,0.0,-1.5101270666666668E-4,-1.3184513333333333E-5,-7.084038333333334E-5,-1.042441E-5,9.381969E-5,-3.617743333333334E-6,-1.9991180000000005E-5,0.0,-3.404014E-5,7.664306666666663E-6,0.0,0.0,-3.617743333333334E-6,0.0,-1.0572455000000004E-4,0.0,-7.235486666666668E-6,-1.0853230000000002E-5,-1.0613975666666664E-4,-1.042441E-5,-1.4042153333333335E-5,2.807750000000001E-5,7.664306666666663E-6,4.0465633333333306E-6,-2.5303783333333343E-5,-3.31825E-5,-2.1706460000000004E-5,1.128205E-5,-7.254885666666667E-5,-7.235486666666668E-6,0.0014662002433333335,-3.4890973333333345E-5,1.8088716666666665E-5,-6.721583333333334E-5,-1.9632809000000006E-4,-3.617743333333334E-6,7.235486666666665E-6,8.093126666666666E-6,-2.4078583333333336E-4,-5.7434653333333335E-5,-1.4042153333333335E-5,-4.211625E-4,-1.1904859999999999E-5,7.627754866666666E-4,-6.870309E-5,1.0125597333333334E-4,1.2126076666666685E-5,-2.2121666666666686E-5,-2.2329270000000004E-5,-5.87075E-5,-2.2015142333333329E-4,-1.4464166666666668E-4,-2.8713923333333444E-5,
Southern Univ.,0.001063,0.00336150115275898760.0,0.0,0.0,0.0,-3.0269515555555554E-5,2.200173777777778E-5,-3.7665633333333337E-6,-1.6204844444444432E-6,0.0,6.277605555555557E-6,0.0,-1.2555211111111114E-6,7.242219E-5,1.0483542222222225E-5,0.0,5.470056266666666E-4,-4.575624444444443E-6,-2.4584827777777778E-5,-3.617743333333334E-6,-3.617743333333334E-6,1.1299690000000002E-5,-1.9493057777777782E-5,0.0,-1.1813473333333334E-5,-9.89534888888889E-6,0.0,0.0,-1.2555211111111114E-6,0.0,-3.669121666666668E-5,0.0,-2.5110422222222227E-6,-3.7665633333333337E-6,-1.047492011111111E-4,-3.617743333333334E-6,-4.8732644444444456E-6,5.403583333333334E-5,-9.89534888888889E-6,1.4043411111111125E-6,-2.1336772222222227E-5,-1.1515833333333334E-5,-7.533126666666667E-6,2.7537605555555557E-5,1.0999687777777777E-5,1.0044168888888891E-5,-2.2661978888888898E-5,2.406868222222222E-5,6.277605555555557E-6,-4.694916666666667E-5,-8.068996777777781E-5,-1.2555211111111114E-6,2.5110422222222236E-6,2.8086822222222225E-6,1.9695027777777777E-4,-1.9932431111111113E-5,-4.8732644444444456E-6,-1.9045416666666666E-4,-4.131526666666664E-6,-3.9418402222222225E-5,1.0312635444444447E-4,-4.5328682222222234E-5,-3.196913444444444E-5,1.1929222222222224E-4,1.587295222222222E-5,-4.399638888888888E-5,-2.269942011111111E-4,-2.657500000000002E-5,-1.3693447888888895E-4,
VCU,0.016504,0.012827726220963710.0,0.0,0.0,0.0,7.58234755555556E-5,-6.726604222222224E-5,5.0053126666666695E-5,6.051173555555552E-5,0.0,-2.3622222222222227E-5,0.0,-6.937846666666669E-6,-1.2493528000000003E-4,-3.518890955555556E-4,0.0,-9.237043755555559E-4,9.698201555555558E-5,2.3501409999999992E-4,-1.9991180000000005E-5,-1.9991180000000005E-5,-1.9493057777777782E-5,1.6455055999999992E-4,0.0,1.3336472444444445E-4,3.7008475555555535E-5,0.0,0.0,1.668437555555555E-5,0.0,4.4033798888888897E-4,0.0,9.74652888888889E-6,2.80868222222222E-6,0.0012559469466666671,4.807548666666667E-5,6.475986222222222E-5,-1.0015777777777778E-4,-1.9991180000000005E-5,-6.310646E-5,2.2374055555555552E-4,1.5303166666666657E-4,-6.937846666666688E-6,-7.285298888888892E-5,-9.337270888888893E-5,-3.8986115555555565E-5,-2.0871326444444463E-4,2.0489302222222173E-5,-3.6177433333333344E-5,4.056499999999997E-5,8.527180577777771E-4,-1.9493057777777782E-5,-3.3368751111111137E-5,-3.4524031111111154E-5,-7.033866666666669E-4,1.6063409555555557E-4,-3.9484237777777804E-5,7.531305555555553E-4,-1.173191688888889E-4,-1.3728764000000006E-4,-3.7123437555555564E-4,1.954727088888889E-4,-3.485972000000002E-5,-3.914622222222226E-4,-1.135353488888889E-4,-3.4926555555555563E-4,6.729006888888791E-5,-6.051416666666671E-4,-1.0251597777778522E-5,
South Dakota State,0.0,0.00.0,0.0,0.0,0.0,0.0,0.0,0.0,0.0,0.0,0.0,0.0,0.0,0.0,0.0,0.0,0.0,0.0,0.0,0.0,0.0,0.0,0.0,0.0,0.0,0.0,0.0,0.0,0.0,0.0,0.0,0.0,0.0,0.0,0.0,0.0,0.0,0.0,0.0,0.0,0.0,0.0,0.0,0.0,0.0,0.0,0.0,0.0,0.0,0.0,0.0,0.0,0.0,0.0,0.0,0.0,0.0,0.0,0.0,0.0,0.0,0.0,0.0,0.0,0.0,0.0,0.0,0.0,0.0,
Oklahoma,0.010002,0.021029840069133510.0,0.0,0.0,0.0,-1.1131909555555549E-4,-1.0827180444444446E-4,5.758389111111112E-5,3.949170844444444E-4,0.0,3.3956944444444456E-5,0.0,-1.1813473333333334E-5,-7.571514E-5,-4.488386088888888E-4,0.0,-5.18231248888889E-4,1.5559139111111117E-4,4.010666000000001E-4,-3.404014E-5,-3.404014E-5,-1.1813473333333334E-5,1.3336472444444445E-4,0.0,4.422541733333333E-4,-3.1819651111111114E-5,0.0,0.0,6.865562666666666E-5,0.0,-2.3965617777777786E-4,0.0,-1.1071735555555554E-5,5.758389111111112E-5,0.00315735014,2.1372933333333334E-6,2.879031111111111E-6,-1.069594444444444E-4,2.3539026666666643E-5,-7.981055777777779E-5,-2.506027777777776E-5,1.1095888888888889E-4,-4.577041777777778E-5,-6.873882222222224E-5,-9.514597111111108E-5,-2.3626946666666668E-5,-7.732672933333333E-4,1.1793520666666666E-4,-4.6512155555555556E-5,-8.661333333333329E-5,-5.702281933333336E-4,-1.1813473333333334E-5,-1.4834755555555456E-6,1.4016187333333333E-4,-6.829211111111112E-4,-1.8754861333333331E-4,-4.585361333333334E-5,9.891250000000002E-4,-1.5700917333333334E-4,5.1823402222222266E-5,-2.8414451555555556E-4,-3.098609733333334E-4,-1.5904763777777772E-4,-2.708811111111112E-4,-1.6593889111111114E-4,-3.2243555555555554E-4,3.702291777777799E-5,-3.2172500000000014E-4,1.0112013999999979E-4,
Minnesota,0.008378,0.0094355860678838840.0,0.0,0.0,0.0,1.7934951777777777E-4,1.747645999999998E-5,6.491386666666665E-6,-6.299264000000001E-5,0.0,-1.1811111111111118E-5,0.0,2.659862222222223E-6,-6.342146E-5,7.886458666666681E-5,0.0,-4.6327486222222234E-4,5.562625333333332E-5,3.968132222222222E-5,7.664306666666663E-6,7.664306666666663E-6,-9.89534888888889E-6,3.7008475555555535E-5,0.0,-3.1819651111111114E-5,8.903028444444446E-5,0.0,0.0,-9.89534888888889E-6,0.0,-2.515150000000001E-4,0.0,5.319724444444446E-6,-4.575624444444443E-6,-1.4952465111111096E-4,7.664306666666663E-6,7.839083555555556E-5,-3.851277777777776E-5,-1.670201555555557E-5,-1.4869422222222186E-6,4.3714444444444465E-5,1.0493E-4,-9.151248888888887E-6,-4.298410000000001E-5,3.119026666666637E-6,-1.979069777777778E-5,1.9639312666666663E-4,-9.543472888888892E-5,1.1811111111111108E-5,2.0361888888888874E-4,-3.980685400000002E-4,-9.89534888888889E-6,-2.894194666666667E-5,-6.426174000000002E-5,-1.4777333333333343E-4,-1.570968088888889E-4,-3.840847555555556E-5,3.8548055555555507E-4,-2.593645999999999E-5,-8.026946666666683E-6,-1.2090152888888897E-4,-7.951902666666669E-5,-8.214353999999996E-5,-1.5219666666666675E-4,-8.618604222222224E-5,-5.738388888888901E-5,7.283112488888891E-4,-2.2141388888888898E-4,6.706723599999997E-4,
Western Kentucky,0.0,0.00.0,0.0,0.0,0.0,0.0,0.0,0.0,0.0,0.0,0.0,0.0,0.0,0.0,0.0,0.0,0.0,0.0,0.0,0.0,0.0,0.0,0.0,0.0,0.0,0.0,0.0,0.0,0.0,0.0,0.0,0.0,0.0,0.0,0.0,0.0,0.0,0.0,0.0,0.0,0.0,0.0,0.0,0.0,0.0,0.0,0.0,0.0,0.0,0.0,0.0,0.0,0.0,0.0,0.0,0.0,0.0,0.0,0.0,0.0,0.0,0.0,0.0,0.0,0.0,0.0,0.0,0.0,0.0,
Northwestern State,0.0,0.00.0,0.0,0.0,0.0,0.0,0.0,0.0,0.0,0.0,0.0,0.0,0.0,0.0,0.0,0.0,0.0,0.0,0.0,0.0,0.0,0.0,0.0,0.0,0.0,0.0,0.0,0.0,0.0,0.0,0.0,0.0,0.0,0.0,0.0,0.0,0.0,0.0,0.0,0.0,0.0,0.0,0.0,0.0,0.0,0.0,0.0,0.0,0.0,0.0,0.0,0.0,0.0,0.0,0.0,0.0,0.0,0.0,0.0,0.0,0.0,0.0,0.0,0.0,0.0,0.0,0.0,0.0,0.0,
Florida Gulf Coast,0.0010630000000000001,0.00336150115275898760.0,0.0,0.0,0.0,-3.0269515555555554E-5,-1.4175695555555558E-5,8.788647777777781E-6,6.629340444444446E-5,0.0,6.277605555555557E-6,0.0,-1.2555211111111114E-6,-8.04691E-6,-5.743034666666667E-5,0.0,-5.2408262222222225E-5,1.904659777777778E-5,5.5884272222222224E-5,-3.617743333333334E-6,-3.617743333333334E-6,-1.2555211111111114E-6,1.668437555555555E-5,0.0,6.865562666666666E-5,-9.89534888888889E-6,0.0,0.0,1.1299690000000002E-5,0.0,-2.4136005555555565E-5,0.0,-2.5110422222222227E-6,8.788647777777781E-6,4.946646877777778E-4,-3.617743333333334E-6,-4.8732644444444456E-6,-1.3878055555555551E-5,2.659862222222223E-6,-1.1150870000000002E-5,-2.1336772222222227E-5,1.2106388888888886E-5,-7.533126666666667E-6,-8.639827777777779E-6,-1.2622534444444443E-5,-2.5110422222222227E-6,-1.0313107888888891E-4,2.406868222222222E-5,-6.277605555555557E-6,-2.3326944444444448E-5,-6.81347566666667E-5,-1.2555211111111114E-6,2.5110422222222236E-6,2.6430904444444448E-5,-8.356361111111114E-5,-1.9932431111111113E-5,-4.8732644444444456E-6,9.00597222222222E-5,-1.6686737777777777E-5,2.8495486666666666E-5,-2.384309E-5,-4.5328682222222234E-5,-1.9413923333333327E-5,-3.1299444444444456E-5,-2.0304481111111112E-5,-4.399638888888888E-5,-7.640253444444445E-5,-5.019722222222223E-5,-9.965034444444474E-6,
Liberty,0.0,0.00.0,0.0,0.0,0.0,0.0,0.0,0.0,0.0,0.0,0.0,0.0,0.0,0.0,0.0,0.0,0.0,0.0,0.0,0.0,0.0,0.0,0.0,0.0,0.0,0.0,0.0,0.0,0.0,0.0,0.0,0.0,0.0,0.0,0.0,0.0,0.0,0.0,0.0,0.0,0.0,0.0,0.0,0.0,0.0,0.0,0.0,0.0,0.0,0.0,0.0,0.0,0.0,0.0,0.0,0.0,0.0,0.0,0.0,0.0,0.0,0.0,0.0,0.0,0.0,0.0,0.0,0.0,0.0,
North Carolina,0.031064999999999995,0.083463459902456020.0,0.0,0.0,0.0,2.0143604444444448E-4,-4.017138222222223E-4,2.191728833333333E-4,-2.85067288888889E-4,0.0,-1.4579045000000004E-4,0.0,-2.4136005555555565E-5,-2.3516205000000004E-4,-0.0015993575000000004,0.0,-0.0018859304888888897,-4.0316444444444454E-4,-5.213487833333336E-4,-6.95471166666667E-5,-1.0572455000000004E-4,-3.669121666666668E-5,4.4033798888888897E-4,0.0,-2.3965617777777786E-4,-2.515150000000001E-4,0.0,0.0,-2.4136005555555565E-5,0.0,0.0069661491388888835,0.0,-6.082722222222225E-5,-7.24080166666667E-5,-5.981212833333342E-4,-6.95471166666667E-5,-1.298605555555556E-4,-3.819486111111114E-4,8.879854444444428E-5,-2.645839944444446E-4,-1.437053833333336E-4,2.829291666666667E-4,1.3420965555555547E-4,7.675711666666659E-5,-2.773435055555558E-4,-7.338243333333336E-5,-8.549459388888903E-4,5.948483333333333E-4,-1.834560833333334E-4,-0.001061995833333334,0.013175634272222219,-3.669121666666668E-5,6.0827222222222136E-5,-2.486541000000001E-4,-0.0010945291666666684,0.0035326963888888886,1.7427555555555547E-4,-0.004449045833333335,-9.049104444444461E-5,-0.0010729783333333338,-6.886737166666669E-4,0.0028709881222222216,0.0011693245499999991,-8.67447222222223E-4,3.31714961111111E-4,-0.0011705875000000004,-0.004996223716666668,-0.0012927444444444454,-0.003910966772222225,
Albany,0.0,0.00.0,0.0,0.0,0.0,0.0,0.0,0.0,0.0,0.0,0.0,0.0,0.0,0.0,0.0,0.0,0.0,0.0,0.0,0.0,0.0,0.0,0.0,0.0,0.0,0.0,0.0,0.0,0.0,0.0,0.0,0.0,0.0,0.0,0.0,0.0,0.0,0.0,0.0,0.0,0.0,0.0,0.0,0.0,0.0,0.0,0.0,0.0,0.0,0.0,0.0,0.0,0.0,0.0,0.0,0.0,0.0,0.0,0.0,0.0,0.0,0.0,0.0,0.0,0.0,0.0,0.0,0.0,0.0,
Valparaiso,0.002126,0.0044820015370119840.0,0.0,0.0,0.0,-3.542860888888888E-5,6.467292000000002E-5,-7.533126666666667E-6,-2.8351391111111115E-5,0.0,0.0,0.0,-2.5110422222222227E-6,-1.609382E-5,-2.332458222222224E-5,0.0,-1.2992694666666668E-4,1.447097333333334E-5,4.385465555555557E-5,-7.235486666666668E-6,-7.235486666666668E-6,-2.5110422222222227E-6,9.74652888888889E-6,0.0,-1.1071735555555554E-5,5.319724444444446E-6,0.0,0.0,-2.5110422222222227E-6,0.0,-6.082722222222225E-5,0.0,2.0088337777777782E-5,-7.533126666666667E-6,-3.5284513333333295E-5,2.894194666666667E-5,2.8086822222222225E-6,1.948833333333334E-5,-1.979069777777778E-5,2.808682222222225E-6,1.2047333333333334E-4,-2.303166666666667E-5,1.0044168888888893E-5,-1.7279655555555558E-5,-1.6228466666666613E-6,-5.0220844444444454E-6,-8.961562444444449E-5,-2.421750222222223E-5,0.0,4.192944444444445E-5,-8.902506888888895E-5,-2.5110422222222227E-6,-7.5331266666666665E-6,-1.9493057777777782E-5,8.976444444444441E-5,-3.9864862222222226E-5,-9.746528888888891E-6,2.3917500000000005E-4,-2.0818264444444444E-5,-1.0394722666666668E-4,4.310583111111112E-5,2.3669466666666618E-6,-1.520562444444443E-5,-3.897666666666668E-5,-1.549854E-5,8.622111111111113E-5,4.4956159777777787E-4,-1.0039444444444446E-4,-2.738689577777779E-4,
Cincinnati,0.003189,0.0051347778270664580.0,0.0,0.0,0.0,7.012965333333335E-5,-4.252708666666667E-5,1.2555211111111118E-6,8.667465777777778E-5,0.0,1.8832816666666667E-5,0.0,8.788647777777781E-6,-2.4140730000000003E-5,1.9975895999999998E-4,0.0,-1.8233520888888893E-4,9.895348888888887E-6,4.2892049999999985E-5,2.5324203333333332E-5,-1.0853230000000002E-5,-3.7665633333333337E-6,2.80868222222222E-6,0.0,5.758389111111112E-5,-4.575624444444443E-6,0.0,0.0,8.788647777777781E-6,0.0,-7.24080166666667E-5,0.0,-7.533126666666667E-6,2.6365943333333335E-5,2.8516628555555555E-4,-1.0853230000000002E-5,-1.4619793333333336E-5,-4.1634166666666655E-5,3.160180888888889E-5,1.5280034444444448E-5,-6.401031666666668E-5,-1.0925277777777784E-5,2.5110422222222236E-6,-1.3364272222222226E-5,5.366850777777778E-5,-7.533126666666667E-6,-2.6066059222222223E-4,-1.4882000000000784E-7,-1.8832816666666667E-5,1.012802777777778E-4,-1.8078204777777785E-4,-3.7665633333333337E-6,7.5331266666666665E-6,6.937846666666664E-6,3.248055555555589E-6,-5.9797293333333335E-5,-1.4619793333333336E-5,5.654569444444445E-4,3.0408886666666667E-5,-2.671909555555555E-5,-2.723760333333335E-5,-1.3598604666666667E-4,-3.4619547777777776E-5,-4.6653888888888916E-5,-6.0913443333333346E-5,-4.0453055555555565E-5,5.646774111111108E-5,2.3622222222222217E-5,-3.200114255555557E-4,
Missouri,0.09931699999999999,0.155827685177499120.0,0.0,0.0,0.0,-0.0011903310399999994,-7.301070822222222E-4,5.036718411111111E-4,0.002659084584444444,0.0,9.929010555555569E-5,0.0,-1.047492011111111E-4,-6.713605899999999E-4,-0.004068349442222221,0.0,-0.004602038748888889,0.0012573375022222224,0.0032133639944444447,-3.018314233333333E-4,-1.0613975666666664E-4,-1.047492011111111E-4,0.0012559469466666671,0.0,0.00315735014,-1.4952465111111096E-4,0.0,0.0,4.946646877777778E-4,0.0,-5.981212833333342E-4,0.0,-3.5284513333333295E-5,2.8516628555555555E-4,0.024282267467777778,1.320935766666667E-4,1.7793604222222223E-4,-7.023024999999998E-4,-1.0289097333333331E-4,-7.007540633333332E-4,4.5056072777777774E-4,0.0011093630555555557,-3.9892263999999995E-4,-5.975556611111111E-4,-0.0010765782988888886,-2.220536133333333E-4,-0.0028729027433333325,9.000846511111111E-4,-2.9417343888888883E-4,-9.045091666666647E-4,-0.0018310688544444448,-1.1730441222222222E-4,-9.168493111111112E-5,9.457668733333335E-4,-0.0064877558333333325,-8.166600022222221E-4,-3.7484416888888887E-4,0.0061269125000000075,-0.0012689162511111108,0.001400952846666667,-0.0024676188544444436,-0.0011217854177777776,-0.0011480507988888876,-0.002507031111111112,-0.00118607823,-0.00312680361111111,-0.002533356632222218,-0.004492133333333335,0.0016545086455555514,
New Mexico St.,0.0030629999999999998,0.0096860564730957450.0,0.0,0.0,0.0,-5.104319333333332E-5,-4.669373333333334E-6,-1.0853230000000002E-5,-4.0846806666666666E-5,0.0,-1.808871666666667E-5,0.0,-3.617743333333334E-6,-2.318691E-5,-9.741701333333332E-5,0.0,-1.8719014000000004E-4,5.488215333333334E-5,1.6102871666666668E-4,-1.042441E-5,-1.042441E-5,-3.617743333333334E-6,4.807548666666667E-5,0.0,2.1372933333333334E-6,7.664306666666663E-6,0.0,0.0,-3.617743333333334E-6,0.0,-6.95471166666667E-5,0.0,2.894194666666667E-5,-1.0853230000000002E-5,1.320935766666667E-4,9.381969E-5,2.2135279999999997E-5,2.807750000000001E-5,-2.8513126666666674E-5,4.0465633333333306E-6,4.086212166666667E-4,-3.31825E-5,1.447097333333333E-5,-2.4895383333333336E-5,-3.637142333333333E-5,-7.235486666666668E-6,-6.529975666666666E-5,-3.4890973333333345E-5,-1.808871666666667E-5,6.0409166666666664E-5,-1.282614233333334E-4,-3.617743333333334E-6,-2.894194666666667E-5,-2.808430666666667E-5,-3.0885250000000004E-4,-5.7434653333333335E-5,-1.4042153333333335E-5,0.0011103375000000003,-4.8082293333333336E-5,-1.4976028E-4,-1.7294719E-4,1.0125597333333334E-4,-5.594058999999999E-5,-9.018833333333335E-5,-2.2329270000000004E-5,-5.87075E-5,2.2228191000000009E-4,-1.4464166666666668E-4,-3.9457225666666675E-4,
Oregon,0.004126,0.0098936289264017450.0,0.0,0.0,0.0,1.269341688888889E-4,-6.289857777777777E-6,2.155764E-5,-5.5022502222222234E-5,0.0,-2.4366322222222225E-5,0.0,-4.8732644444444456E-6,-3.123382000000001E-5,-1.9929180444444445E-4,0.0,-2.159761800000001E-4,7.392875111111112E-5,8.928798888888887E-5,-1.4042153333333335E-5,-1.4042153333333335E-5,-4.8732644444444456E-6,6.475986222222222E-5,0.0,2.879031111111111E-6,7.839083555555556E-5,0.0,0.0,-4.8732644444444456E-6,0.0,-1.298605555555556E-4,0.0,2.8086822222222225E-6,-1.4619793333333336E-5,1.7793604222222223E-4,2.2135279999999997E-5,9.788389333333333E-5,-3.0245000000000003E-5,-3.840847555555556E-5,-3.072652888888889E-5,1.1650632222222222E-4,1.509933333333333E-4,-1.6684375555555558E-5,-3.353521111111112E-5,-4.899395777777778E-5,-9.746528888888891E-6,-8.796173555555561E-5,-4.699972444444446E-5,1.1811111111111108E-5,8.137388888888883E-5,-1.7277395777777789E-4,-4.8732644444444456E-6,-3.8986115555555565E-5,-3.783083555555557E-5,-3.479716666666668E-4,-7.736708444444444E-5,-1.8915417777777784E-5,2.0240833333333338E-4,-6.476903111111111E-5,-1.6555646E-4,-1.9679028E-4,8.771391111111062E-6,-7.535451333333333E-5,-1.2148777777777784E-4,-3.0078540000000003E-5,-1.4714833333333337E-4,2.994238199999999E-4,-1.94838888888889E-4,0.0011276182644444444,
Miami (FL),0.02238,0.0186357631093193170.0,0.0,0.0,0.0,-2.873433333333332E-4,2.1402111111111106E-4,-4.1634166666666655E-5,-8.877888888888886E-5,0.0,2.2145833333333354E-5,0.0,-1.3878055555555551E-5,3.463275E-4,3.254777777777835E-5,0.0,0.0026158155555555565,-6.132777777777728E-6,-9.672916666666669E-5,-3.9989166666666667E-5,2.807750000000001E-5,5.403583333333334E-5,-1.0015777777777778E-4,0.0,-1.069594444444444E-4,-3.851277777777776E-5,0.0,0.0,-1.3878055555555551E-5,0.0,-3.819486111111114E-4,0.0,1.948833333333334E-5,-4.1634166666666655E-5,-7.023024999999998E-4,2.807750000000001E-5,-3.0245000000000003E-5,3.4729166666666676E-4,-8.575722222222223E-5,1.552305555555553E-5,9.47291666666667E-5,-1.272916666666666E-4,-3.602388888888886E-5,1.238125E-4,9.075277777777841E-6,4.015777777777779E-5,6.661697222222222E-4,6.184611111111107E-5,4.576805555555555E-5,-2.1895833333333313E-4,-7.321608333333335E-4,-1.3878055555555551E-5,4.1338888888889525E-6,-1.6198333333333374E-5,0.0010770138888888893,-2.203255555555555E-4,-5.386722222222222E-5,-8.552083333333325E-4,-6.929055555555548E-5,8.926166666666698E-5,5.94075277777778E-4,-1.746238888888887E-4,-1.9361916666666654E-4,5.575000000000003E-4,4.2120277777777834E-5,-1.1409722222222184E-4,-5.257747222222207E-4,-4.270833333333335E-4,-0.001274733055555556,
Bucknell,0.008378,0.0094355860678838840.0,0.0,0.0,0.0,1.0994742888888889E-4,-1.1172528444444447E-4,-4.575624444444443E-6,4.1098682222222215E-5,0.0,1.1811111111111108E-5,0.0,2.659862222222223E-6,-6.342146E-5,8.9995831111111E-5,0.0,-4.868970844444445E-4,-3.7550835555555556E-5,-7.711798888888892E-5,7.664306666666663E-6,7.664306666666663E-6,-9.89534888888889E-6,-1.9991180000000005E-5,0.0,2.3539026666666643E-5,-1.670201555555557E-5,0.0,0.0,2.659862222222223E-6,0.0,8.879854444444428E-5,0.0,-1.979069777777778E-5,3.160180888888889E-5,-1.0289097333333331E-4,-2.8513126666666674E-5,-3.840847555555556E-5,-8.575722222222223E-5,8.903028444444446E-5,9.58006888888889E-6,-1.3049944444444445E-4,-4.35172222222222E-5,1.447097333333334E-5,5.748544444444447E-6,2.3941248888888906E-5,-7.235486666666668E-6,8.968471111111019E-6,-1.052465111111112E-5,-2.4366322222222225E-5,2.3499444444444416E-5,1.3047868222222192E-4,2.659862222222223E-6,1.9790697777777784E-5,8.09312666666667E-6,-1.2148444444444462E-4,4.2227502222222225E-5,1.032416888888889E-5,1.842083333333337E-4,1.0240973333333355E-5,1.0861958666666663E-4,-1.4362687333333338E-4,-3.317145999999998E-5,7.450646000000001E-5,-6.346055555555567E-5,-3.0827364444444466E-5,4.677166666666655E-5,4.009862488888889E-4,3.660555555555553E-4,-2.8569152888888915E-4,
NC State,0.009441000000000001,0.008974367758603760.0,0.0,0.0,0.0,6.861090222222225E-5,3.30076444444444E-6,-3.3452610000000006E-5,3.4535422222222162E-6,0.0,1.8088716666666672E-5,0.0,2.502656333333333E-5,9.000730000000004E-6,6.490151400000004E-4,0.0,4.7553331111111006E-5,-2.9571248888888894E-5,-2.1080938888888915E-5,7.211323000000001E-5,4.0465633333333306E-6,1.4043411111111125E-6,-6.310646E-5,0.0,-7.981055777777779E-5,-1.4869422222222186E-6,0.0,0.0,-1.1150870000000002E-5,0.0,-2.645839944444446E-4,0.0,2.808682222222225E-6,1.5280034444444448E-5,-7.007540633333332E-4,4.0465633333333306E-6,-3.072652888888889E-5,1.552305555555553E-5,9.58006888888889E-6,8.053927666666668E-5,-1.244549999999994E-6,-1.022775E-4,1.9493057777777786E-5,-2.8912833333333335E-6,1.4189649222222224E-4,2.808682222222225E-6,-2.1960518888888992E-5,-5.8810835555555566E-5,-5.533505555555554E-6,2.443113888888889E-4,-5.468251744444446E-4,1.4043411111111125E-6,9.746528888888898E-6,-2.5275624444444453E-5,2.880658333333334E-4,-1.4085180666666667E-4,-7.1043066666666735E-6,9.125013888888889E-4,1.5750944666666667E-4,2.062131777777777E-5,1.3362482555555558E-4,-1.4862270888888894E-4,-4.6198785555555555E-5,7.945388888888874E-5,-2.602142333333333E-5,9.36558333333334E-5,-2.4807184111111104E-4,1.005916666666665E-4,-6.17662118888889E-4,
UNLV,0.018065,0.042515934594507550.0,0.0,0.0,0.0,-2.346174999999999E-4,-6.520472222222222E-5,-3.889989444444445E-5,-2.4090681111111115E-4,0.0,-1.0668386111111111E-4,0.0,-2.1336772222222227E-5,-1.3675204999999998E-4,-6.262327111111111E-4,0.0,-0.0010789019444444447,2.2770756666666667E-4,6.640182277777778E-4,-6.148121666666668E-5,-2.5303783333333343E-5,-2.1336772222222227E-5,2.2374055555555552E-4,0.0,-2.506027777777776E-5,4.3714444444444465E-5,0.0,0.0,-2.1336772222222227E-5,0.0,-1.437053833333336E-4,0.0,1.2047333333333334E-4,-6.401031666666668E-5,4.5056072777777774E-4,4.086212166666667E-4,1.1650632222222222E-4,9.47291666666667E-5,-1.3049944444444445E-4,-1.244549999999994E-6,0.0018076046944444442,-1.0416805555555558E-4,6.023666666666669E-5,-1.0916267222222225E-4,-2.2706705E-4,-3.0118333333333336E-5,7.846038333333323E-5,-1.570477777777778E-4,-6.901822777777778E-5,1.7616249999999982E-4,-2.2791461666666702E-4,-8.781561111111111E-6,-1.3302854444444448E-4,-1.1690333333333335E-4,-0.0016827736111111116,-1.394145111111111E-4,-3.4085344444444446E-5,0.004393034722222223,-2.222925E-4,-5.05278888888889E-4,-8.989226055555556E-4,6.355748666666666E-4,-1.7047711666666658E-4,-4.403777777777778E-4,-4.015773888888889E-5,-2.6652083333333324E-4,7.233742722222214E-4,-5.489333333333335E-4,-0.0010485604500000008,
Kansas State,0.020380000000000002,0.0187249833110740.0,0.0,0.0,0.0,2.2570500000000006E-4,-6.210777777777778E-5,8.061083333333332E-5,2.1378333333333335E-5,0.0,-3.3956944444444456E-5,0.0,-1.1515833333333334E-5,-7.38075E-5,-5.503822222222223E-4,0.0,-5.043188888888891E-4,1.0663166666666667E-4,1.2159583333333332E-4,-3.31825E-5,-3.31825E-5,-1.1515833333333334E-5,1.5303166666666657E-4,0.0,1.1095888888888889E-4,1.0493E-4,0.0,0.0,1.2106388888888886E-5,0.0,2.829291666666667E-4,0.0,-2.303166666666667E-5,-1.0925277777777784E-5,0.0011093630555555557,-3.31825E-5,1.509933333333333E-4,-1.272916666666666E-4,-4.35172222222222E-5,-1.022775E-4,-1.0416805555555558E-4,3.506249999999998E-4,-4.5472777777777785E-5,-5.5623611111111137E-5,-1.1577583333333335E-4,-2.303166666666667E-5,-3.5925916666666664E-4,2.5069999999999992E-5,1.0334722222222207E-5,-1.8819444444444376E-5,6.306130555555549E-4,-1.1515833333333334E-5,-4.4882222222222227E-5,-2.1330000000000038E-5,-6.831249999999999E-4,1.241322222222222E-4,-2.1076111111111136E-5,-5.76736111111111E-4,-1.2943111111111104E-4,-2.3377388888888882E-4,-3.464702777777779E-4,8.688555555555554E-5,-5.028972222222227E-5,-2.870833333333336E-4,-5.025527777777776E-5,-4.0354166666666663E-4,-1.0910916666666672E-4,-4.60416666666667E-4,0.0020974880555555556,
Notre Dame,0.006378000000000001,0.0054893083960246470.0,0.0,0.0,0.0,4.060896222222227E-5,7.970137777777783E-6,-1.0044168888888891E-5,-3.632152888888889E-5,0.0,0.0,0.0,5.022084444444446E-6,-4.8281460000000006E-5,9.389360888888883E-5,0.0,-3.897808400000001E-4,-2.894194666666667E-5,-1.8307222222222228E-5,1.447097333333333E-5,-2.1706460000000004E-5,-7.533126666666667E-6,-6.937846666666688E-6,0.0,-4.577041777777778E-5,-9.151248888888887E-6,0.0,0.0,-7.533126666666667E-6,0.0,1.3420965555555547E-4,0.0,1.0044168888888893E-5,2.5110422222222236E-6,-3.9892263999999995E-4,1.447097333333333E-5,-1.6684375555555558E-5,-3.602388888888886E-5,1.447097333333334E-5,1.9493057777777786E-5,6.023666666666669E-5,-4.5472777777777785E-5,3.0132506666666686E-5,-1.4173333333333344E-5,3.942312666666667E-5,-2.5110422222222215E-6,-3.603829844444445E-4,-2.391986222222223E-5,-1.2555211111111109E-5,7.263833333333334E-5,2.6147201555555533E-4,5.022084444444446E-6,2.5110422222222236E-6,-2.2301740000000006E-5,5.3740555555555536E-5,7.972972444444446E-5,1.9493057777777782E-5,3.100416666666666E-4,4.163652888888891E-5,-2.143763911111111E-4,-7.97486222222219E-6,6.466819555555557E-5,6.658868222222222E-5,-4.90161111111112E-5,1.993006888888889E-5,1.5236333333333338E-4,3.026573599999996E-4,1.7716666666666646E-4,-2.8199264000000027E-4,
Pittsburgh,0.0073149999999999995,0.0097473201445320360.0,0.0,0.0,0.0,-9.165215555555557E-5,6.694511111111102E-6,-1.3364272222222226E-5,-4.881694444444445E-5,0.0,5.533505555555558E-6,0.0,-8.639827777777779E-6,1.7649455000000002E-4,-8.879604444444451E-5,0.0,0.001328880277777778,-5.6597433333333355E-5,-1.6917969444444445E-4,-2.4895383333333336E-5,1.128205E-5,2.7537605555555557E-5,-7.285298888888892E-5,0.0,-6.873882222222224E-5,-4.298410000000001E-5,0.0,0.0,-8.639827777777779E-6,0.0,7.675711666666659E-5,0.0,-1.7279655555555558E-5,-1.3364272222222226E-5,-5.975556611111111E-4,-2.4895383333333336E-5,-3.353521111111112E-5,1.238125E-4,5.748544444444447E-6,-2.8912833333333335E-6,-1.0916267222222225E-4,-5.5623611111111137E-5,-1.4173333333333344E-5,9.501025000000003E-5,-7.727883333333336E-6,3.1452988888888896E-5,2.6334677222222206E-4,6.965076666666663E-5,1.808871666666667E-5,-2.3154305555555564E-4,1.179915611111109E-4,3.915383333333335E-6,1.727965555555557E-5,1.783965555555556E-5,4.0451250000000016E-4,6.215993333333335E-5,1.5197433333333335E-5,-0.0010094208333333336,-1.736395555555554E-5,5.6501877777777784E-5,2.017828833333333E-4,1.2157222222222207E-5,1.3298505555555534E-5,3.336972222222221E-4,9.372121666666666E-5,-6.063194444444445E-5,-6.378337833333333E-4,1.7736388888888873E-4,-2.3954906111111157E-4,
New Mexico,0.021317,0.019655723537376530.0,0.0,0.0,0.0,3.059789600000002E-4,7.694958444444446E-5,-3.7867603333333334E-5,1.0041902888888887E-4,0.0,7.566788333333335E-5,0.0,5.529135444444445E-5,7.049941E-5,0.0013831753466666665,0.0,4.857265955555554E-4,-4.6001597777777774E-5,-2.7852672222222223E-5,1.5932024333333334E-4,-7.254885666666667E-5,1.0999687777777777E-5,-9.337270888888893E-5,0.0,-9.514597111111108E-5,3.119026666666637E-6,0.0,0.0,-1.2622534444444443E-5,0.0,-2.773435055555558E-4,0.0,-1.6228466666666613E-6,5.366850777777778E-5,-0.0010765782988888886,-3.637142333333333E-5,-4.899395777777778E-5,9.075277777777841E-6,2.3941248888888906E-5,1.4189649222222224E-4,-2.2706705E-4,-1.1577583333333335E-4,3.942312666666667E-5,-7.727883333333336E-6,3.8634746777777766E-4,-1.6228466666666613E-6,-0.0012933627433333334,-5.36701377777778E-5,-2.842343888888888E-5,5.745075E-4,-6.197344100000005E-4,-1.2622534444444443E-5,2.5245068888888937E-5,-8.692090444444443E-5,0.0011411330555555555,-2.0039312444444443E-4,-4.899395777777778E-5,0.001766648611111111,3.0220208222222225E-4,-5.962782644444444E-4,4.776517011111112E-4,-5.125643066666666E-4,-1.5353579888888877E-4,1.617050000000001E-4,-1.2499989666666668E-4,7.294361111111126E-5,-2.450638544444439E-4,-4.910833333333303E-5,-0.0016993485766666674,
Akron,0.002126,0.0044820015370119840.0,0.0,0.0,0.0,-6.053903111111111E-5,7.826042222222222E-6,-7.533126666666667E-6,-1.579618E-5,0.0,0.0,0.0,-2.5110422222222227E-6,6.437528E-5,-5.9502015555555556E-5,0.0,4.820421533333333E-4,-2.170646E-5,-4.9169655555555556E-5,-7.235486666666668E-6,-7.235486666666668E-6,1.0044168888888891E-5,-3.8986115555555565E-5,0.0,-2.3626946666666668E-5,-1.979069777777778E-5,0.0,0.0,-2.5110422222222227E-6,0.0,-7.338243333333336E-5,0.0,-5.0220844444444454E-6,-7.533126666666667E-6,-2.220536133333333E-4,-7.235486666666668E-6,-9.746528888888891E-6,4.015777777777779E-5,-7.235486666666668E-6,2.808682222222225E-6,-3.0118333333333336E-5,-2.303166666666667E-5,-2.5110422222222215E-6,3.1452988888888896E-5,-1.6228466666666613E-6,2.0088337777777782E-5,-1.1323784666666668E-4,2.4515142222222224E-5,1.2555211111111114E-5,-9.389833333333334E-5,-1.4882472444444452E-4,1.0044168888888891E-5,5.022084444444447E-6,2.9239586666666672E-5,1.1338666666666663E-4,-3.6874288888888906E-6,2.6430904444444448E-5,-3.809083333333333E-4,1.5359168888888897E-5,-5.521458222222223E-5,7.928326444444447E-5,-1.0188264444444457E-5,1.653083111111112E-5,1.5590666666666668E-4,7.60375711111111E-5,6.259888888888891E-5,-3.0339673555555553E-4,2.2736388888888883E-4,3.019227088888888E-4,
Georgetown,0.08731700000000002,0.15379831208797810.0,0.0,0.0,0.0,-0.0013098021511111107,-5.397443044444445E-4,-1.4845503666666667E-4,-0.0010115967377777777,0.0,-3.502762166666667E-4,0.0,-9.05758677777778E-5,-1.4524559000000004E-4,-2.1800131999999973E-4,0.0,-7.215506266666678E-4,-1.6607548666666648E-4,-0.0011994801055555558,-2.609914233333333E-4,0.0014662002433333335,-2.2661978888888898E-5,-2.0871326444444463E-4,0.0,-7.732672933333333E-4,1.9639312666666663E-4,0.0,0.0,-1.0313107888888891E-4,0.0,-8.549459388888903E-4,0.0,-8.961562444444449E-5,-2.6066059222222223E-4,-0.0028729027433333325,-6.529975666666666E-5,-8.796173555555561E-5,6.661697222222222E-4,8.968471111111019E-6,-2.1960518888888992E-5,7.846038333333323E-5,-3.5925916666666664E-4,-3.603829844444445E-4,2.6334677222222206E-4,-0.0012933627433333334,-1.1323784666666668E-4,0.023653920801111106,-5.183442377777778E-4,3.059845499999999E-4,-0.001292575833333334,-0.0013964894100000015,-9.05758677777778E-5,4.532395777777766E-5,-7.198423777777781E-5,-0.003632616944444446,-5.554692355555556E-4,-2.836534022222223E-4,-0.007620962499999999,-4.4495159555555525E-4,0.011516964513333334,-0.00111786441,0.0021087570155555553,1.1555364555555596E-4,-2.2675611111111125E-4,-3.145596855555555E-4,-0.0015073230555555552,-0.0036632244099999967,-0.0032102194444444455,-8.2931468777778E-4,
UCLA,0.010252,0.0144397312994390580.0,0.0,0.0,0.0,-1.8768729555555553E-4,-3.247201555555557E-5,3.602861333333333E-5,1.3133041777777774E-4,0.0,1.1811111111111098E-5,0.0,-1.2108751111111115E-5,1.5426146E-4,-4.0692236444444456E-4,0.0,0.00117301264,-2.479514222222224E-5,-5.236877777777792E-6,-3.4890973333333345E-5,-3.4890973333333345E-5,2.406868222222222E-5,2.0489302222222173E-5,0.0,1.1793520666666666E-4,-9.543472888888892E-5,0.0,0.0,2.406868222222222E-5,0.0,5.948483333333333E-4,0.0,-2.421750222222223E-5,-1.4882000000000784E-7,9.000846511111111E-4,-3.4890973333333345E-5,-4.699972444444446E-5,6.184611111111107E-5,-1.052465111111112E-5,-5.8810835555555566E-5,-1.570477777777778E-4,2.5069999999999992E-5,-2.391986222222223E-5,6.965076666666663E-5,-5.36701377777778E-5,2.4515142222222224E-5,-5.183442377777778E-4,2.0850583999999997E-4,-1.1811111111111118E-5,-3.847300000000001E-4,0.0010338952066666662,4.464599999999994E-7,2.421750222222223E-5,8.259951777777778E-5,1.2999555555555546E-4,3.1404347555555556E-4,2.535514222222221E-5,-0.0010965916666666666,-5.2401317777777754E-5,-1.6085305333333344E-4,1.3590597333333344E-4,1.1340347111111104E-4,4.019242888888888E-5,1.9997444444444436E-4,9.313270888888885E-5,-2.737272222222223E-4,-0.0015366401377777778,-1.1191944444444466E-4,-3.790012488888894E-4,
Villanova,0.005315,0.0056025019212649790.0,0.0,0.0,0.0,-5.8323266666666644E-5,5.8323266666666664E-5,-6.277605555555554E-6,-5.832326666666668E-5,0.0,-6.277605555555554E-6,0.0,-6.277605555555557E-6,4.0234550000000006E-5,-9.596527777777777E-5,0.0,3.122621555555554E-4,-1.1811111111111108E-5,-7.419149444444445E-5,-1.808871666666667E-5,1.8088716666666665E-5,6.277605555555557E-6,-3.6177433333333344E-5,0.0,-4.6512155555555556E-5,1.1811111111111108E-5,0.0,0.0,-6.277605555555557E-6,0.0,-1.834560833333334E-4,0.0,0.0,-1.8832816666666667E-5,-2.9417343888888883E-4,-1.808871666666667E-5,1.1811111111111108E-5,4.576805555555555E-5,-2.4366322222222225E-5,-5.533505555555554E-6,-6.901822777777778E-5,1.0334722222222207E-5,-1.2555211111111109E-5,1.808871666666667E-5,-2.842343888888888E-5,1.2555211111111114E-5,3.059845499999999E-4,-1.1811111111111118E-5,3.1388027777777784E-5,-7.529583333333335E-5,-3.059845500000001E-4,6.277605555555557E-6,0.0,1.2555211111111109E-5,1.4320972222222215E-4,-6.348472222222223E-5,1.1811111111111108E-5,-7.367180555555555E-4,-9.590622222222207E-6,1.1811111111111104E-4,1.111012166666667E-4,-1.697256666666669E-5,5.533505555555563E-6,1.0925277777777776E-4,5.278976111111112E-5,1.0482361111111113E-4,6.976232777777782E-5,7.67722222222221E-5,5.93880383333333E-4,
Duke,0.050379999999999994,0.0401118228622601160.0,0.0,0.0,0.0,8.39649444444444E-4,4.101444444444446E-5,-4.931138888888891E-5,1.2315055555555562E-4,0.0,7.529583333333335E-5,0.0,1.0364250000000002E-4,-3.009075E-4,0.002490634444444445,0.0,-0.002314096666666667,1.288983333333333E-4,3.648763888888888E-4,2.986425E-4,-6.721583333333334E-5,-4.694916666666667E-5,4.056499999999997E-5,0.0,-8.661333333333329E-5,2.0361888888888874E-4,0.0,0.0,-2.3326944444444448E-5,0.0,-0.001061995833333334,0.0,4.192944444444445E-5,1.012802777777778E-4,-9.045091666666647E-4,6.0409166666666664E-5,8.137388888888883E-5,-2.1895833333333313E-4,2.3499444444444416E-5,2.443113888888889E-4,1.7616249999999982E-4,-1.8819444444444376E-5,7.263833333333334E-5,-2.3154305555555564E-4,5.745075E-4,-9.389833333333334E-5,-0.001292575833333334,-3.847300000000001E-4,-7.529583333333335E-5,0.0016089583333333331,-0.0020367313888888902,-4.694916666666667E-5,-4.192944444444441E-5,-2.727744444444445E-4,4.745138888888883E-4,-7.453566666666667E-4,-1.8223166666666668E-4,0.005953819444444441,4.327244444444446E-4,-6.265127777777778E-4,2.993611111110998E-6,-8.447477777777781E-4,-4.259675E-4,-5.870833333333338E-4,-5.319052777777779E-4,-7.708333333333564E-6,0.0017028158333333328,-7.791666666666685E-4,-0.001962114722222225,
Memphis,0.068317,0.15846182407759920.0,0.0,0.0,0.0,4.3456673777777756E-4,-6.068211822222226E-4,4.1863184111111103E-4,-7.582211822222224E-4,0.0,-3.059845500000001E-4,0.0,-6.81347566666667E-5,-5.171596900000002E-4,-0.0034839640977777785,0.0,-0.00411379173777778,-7.588354866666671E-4,-0.0010910832277777783,-1.9632809000000006E-4,-1.9632809000000006E-4,-8.068996777777781E-5,8.527180577777771E-4,0.0,-5.702281933333336E-4,-3.980685400000002E-4,0.0,0.0,-6.81347566666667E-5,0.0,0.013175634272222219,0.0,-8.902506888888895E-5,-1.8078204777777785E-4,-0.0018310688544444448,-1.282614233333334E-4,-1.7277395777777789E-4,-7.321608333333335E-4,1.3047868222222192E-4,-5.468251744444446E-4,-2.2791461666666702E-4,6.306130555555549E-4,2.6147201555555533E-4,1.179915611111109E-4,-6.197344100000005E-4,-1.4882472444444452E-4,-0.0013964894100000015,0.0010338952066666662,-3.059845500000001E-4,-0.0020367313888888902,0.02511014969,-6.81347566666667E-5,8.902506888888863E-5,-5.414809044444447E-4,-0.001978547500000003,0.006707301875555556,3.3495104222222214E-4,-0.009530031944444446,-2.9507680666666697E-4,-0.0021864065977777788,-0.001294511076666668,0.005572184237777777,0.002290248301111112,-0.001760264444444445,6.599951033333328E-4,-0.001932045277777778,-0.00779076829888889,-0.0024643972222222234,-0.006347841910000006,
Colorado State,0.001063,0.00336150115275898760.0,0.0,0.0,0.0,-3.0269515555555554E-5,-1.4175695555555558E-5,-3.7665633333333337E-6,-1.4175695555555558E-5,0.0,-6.277605555555557E-6,0.0,-1.2555211111111114E-6,-8.04691E-6,-6.998555777777778E-5,0.0,-6.496347333333334E-5,-1.713083555555556E-5,-2.4584827777777778E-5,-3.617743333333334E-6,-3.617743333333334E-6,-1.2555211111111114E-6,-1.9493057777777782E-5,0.0,-1.1813473333333334E-5,-9.89534888888889E-6,0.0,0.0,-1.2555211111111114E-6,0.0,-3.669121666666668E-5,0.0,-2.5110422222222227E-6,-3.7665633333333337E-6,-1.1730441222222222E-4,-3.617743333333334E-6,-4.8732644444444456E-6,-1.3878055555555551E-5,2.659862222222223E-6,1.4043411111111125E-6,-8.781561111111111E-6,-1.1515833333333334E-5,5.022084444444446E-6,3.915383333333335E-6,-1.2622534444444443E-5,1.0044168888888891E-5,-9.05758677777778E-5,4.464599999999994E-7,6.277605555555557E-6,-4.694916666666667E-5,-6.81347566666667E-5,1.1299690000000002E-5,2.5110422222222236E-6,2.6430904444444448E-5,-8.356361111111114E-5,1.624500222222222E-5,3.1304168888888894E-5,-1.9045416666666666E-4,1.9490695555555557E-5,-1.5796180000000005E-5,-2.384309E-5,3.514041777777777E-5,4.849996555555557E-5,3.6614444444444435E-5,6.0164618888888897E-5,1.0659527777777778E-4,-7.640253444444445E-5,2.5393888888888887E-4,4.388571877777777E-4,
Oklahoma State,0.008504000000000001,0.0044820015370119860.0,0.0,0.0,0.0,-3.2485279999999964E-5,3.240968888888867E-6,-5.022084444444443E-6,2.8351391111111122E-5,0.0,1.2555211111111109E-5,0.0,2.5110422222222236E-6,1.609382E-5,9.123847111111106E-5,0.0,1.1737173555555543E-4,-3.809319555555555E-5,-6.747687777777778E-5,7.235486666666665E-6,7.235486666666665E-6,2.5110422222222236E-6,-3.3368751111111137E-5,0.0,-1.4834755555555456E-6,-2.894194666666667E-5,0.0,0.0,2.5110422222222236E-6,0.0,6.0827222222222136E-5,0.0,-7.5331266666666665E-6,7.5331266666666665E-6,-9.168493111111112E-5,-2.894194666666667E-5,-3.8986115555555565E-5,4.1338888888889525E-6,1.9790697777777784E-5,9.746528888888898E-6,-1.3302854444444448E-4,-4.4882222222222227E-5,2.5110422222222236E-6,1.727965555555557E-5,2.5245068888888937E-5,5.022084444444447E-6,4.532395777777766E-5,2.421750222222223E-5,0.0,-4.192944444444441E-5,8.902506888888863E-5,2.5110422222222236E-6,2.008833777777781E-5,1.949305777777778E-5,1.9074944444444431E-4,3.986486222222223E-5,9.74652888888889E-6,-3.2185277777777764E-4,3.337347555555557E-5,9.139201555555547E-5,1.0748583555555552E-4,-2.5989168888888936E-5,3.882784666666667E-5,6.259888888888878E-5,1.549853999999998E-5,6.437055555555559E-5,-1.5428381999999983E-4,1.0039444444444417E-4,-3.019227088888891E-4,
Colorado,0.008252,0.01256729688959050.0,0.0,0.0,0.0,-2.3498028444444443E-4,-7.386757111111112E-5,6.937846666666664E-6,1.3437930666666665E-4,0.0,0.0,0.0,-9.746528888888891E-6,1.8001459999999998E-5,-3.461777088888889E-4,0.0,1.5639451777777757E-4,-3.631042222222232E-6,4.101867777777776E-5,-2.808430666666667E-5,8.093126666666666E-6,2.8086822222222225E-6,-3.4524031111111154E-5,0.0,1.4016187333333333E-4,-6.426174000000002E-5,0.0,0.0,2.6430904444444448E-5,0.0,-2.486541000000001E-4,0.0,-1.9493057777777782E-5,6.937846666666664E-6,9.457668733333335E-4,-2.808430666666667E-5,-3.783083555555557E-5,-1.6198333333333374E-5,8.09312666666667E-6,-2.5275624444444453E-5,-1.1690333333333335E-4,-2.1330000000000038E-5,-2.2301740000000006E-5,1.783965555555556E-5,-8.692090444444443E-5,2.9239586666666672E-5,-7.198423777777781E-5,8.259951777777778E-5,1.2555211111111109E-5,-2.727744444444445E-4,-5.414809044444447E-4,2.6430904444444448E-5,1.949305777777778E-5,1.5793695111111108E-4,-3.6818500000000015E-4,-5.049006888888889E-5,6.641326444444444E-5,-6.259000000000001E-4,-1.835400000000129E-7,2.6189194666666665E-4,-5.812291555555556E-5,-3.9545417777777855E-5,5.6049651111111043E-5,1.2692999999999987E-4,1.2297937555555554E-4,1.1600611111111103E-4,-7.436995822222223E-4,5.103027777777779E-4,0.0010889393066666664,
Syracuse,0.10137999999999998,0.098700233591978420.0,0.0,0.0,0.0,-2.5788888888890317E-6,0.001639053888888889,-2.063991666666667E-4,-1.7014888888888894E-4,0.0,3.9714861111111104E-4,0.0,4.3405833333333324E-5,0.0012622974999999996,0.002886099444444443,0.0,0.009349106666666666,-3.932755555555558E-4,-0.0011413180555555557,1.250725E-4,-2.4078583333333336E-4,1.9695027777777777E-4,-7.033866666666669E-4,0.0,-6.829211111111112E-4,-1.4777333333333343E-4,0.0,0.0,-8.356361111111114E-5,0.0,-0.0010945291666666684,0.0,8.976444444444441E-5,3.248055555555589E-6,-0.0064877558333333325,-3.0885250000000004E-4,-3.479716666666668E-4,0.0010770138888888893,-1.2148444444444462E-4,2.880658333333334E-4,-0.0016827736111111116,-6.831249999999999E-4,5.3740555555555536E-5,4.0451250000000016E-4,0.0011411330555555555,1.1338666666666663E-4,-0.003632616944444446,1.2999555555555546E-4,1.4320972222222215E-4,4.745138888888883E-4,-0.001978547500000003,-8.356361111111114E-5,1.9074944444444431E-4,-3.6818500000000015E-4,0.009741736111111106,-7.510994444444445E-4,-2.800577777777779E-4,-0.004193402777777778,3.0847666666666644E-4,-0.0026415699999999998,0.004602671944444443,-0.002312281666666667,-5.663947222222221E-4,0.0022869444444444456,-1.585952777777776E-4,0.0013175694444444441,0.0037302747222222217,-0.0010513888888888884,-0.009479794722222224,
Belmont,0.016876000000000002,0.043678242791272330.0,0.0,0.0,0.0,-1.045104222222207E-5,-2.2505083555555557E-4,1.0334958444444446E-4,-2.2505083555555557E-4,0.0,-9.966215555555557E-5,0.0,-1.9932431111111113E-5,-1.2775132E-4,-0.0011110783377777777,0.0,-0.0010313486133333334,-2.719661155555556E-4,-3.9030437777777777E-4,-5.7434653333333335E-5,-5.7434653333333335E-5,-1.9932431111111113E-5,1.6063409555555557E-4,0.0,-1.8754861333333331E-4,-1.570968088888889E-4,0.0,0.0,-1.9932431111111113E-5,0.0,0.0035326963888888886,0.0,-3.9864862222222226E-5,-5.9797293333333335E-5,-8.166600022222221E-4,-5.7434653333333335E-5,-7.736708444444444E-5,-2.203255555555555E-4,4.2227502222222225E-5,-1.4085180666666667E-4,-1.394145111111111E-4,1.241322222222222E-4,7.972972444444446E-5,6.215993333333335E-5,-2.0039312444444443E-4,-3.6874288888888906E-6,-5.554692355555556E-4,3.1404347555555556E-4,-6.348472222222223E-5,-7.453566666666667E-4,0.006707301875555556,1.624500222222222E-5,3.986486222222223E-5,-5.049006888888889E-5,-7.510994444444445E-4,0.0019077888933333334,1.9002389333333335E-4,-0.003330572222222222,2.475280000000046E-6,-5.577329155555554E-4,-3.7852868E-4,0.0016322275022222221,7.699768755555556E-4,-3.0121277777777787E-4,3.7962118222222225E-4,-2.645538888888889E-4,-0.0028628392355555554,7.943611111111092E-5,-5.148225688888891E-4,
Mississippi,0.004126,0.0098936289264017450.0,0.0,0.0,0.0,-8.131270888888887E-5,-5.5022502222222234E-5,-2.064582222222222E-6,-5.5022502222222234E-5,0.0,-2.4366322222222225E-5,0.0,-4.8732644444444456E-6,-3.123382000000001E-5,-2.7164667111111114E-4,0.0,-2.521536133333334E-4,-6.649278222222223E-5,-9.542521111111112E-5,-1.4042153333333335E-5,-1.4042153333333335E-5,-4.8732644444444456E-6,-3.9484237777777804E-5,0.0,-4.585361333333334E-5,-3.840847555555556E-5,0.0,0.0,-4.8732644444444456E-6,0.0,1.7427555555555547E-4,0.0,-9.746528888888891E-6,-1.4619793333333336E-5,-3.7484416888888887E-4,-1.4042153333333335E-5,-1.8915417777777784E-5,-5.386722222222222E-5,1.032416888888889E-5,-7.1043066666666735E-6,-3.4085344444444446E-5,-2.1076111111111136E-5,1.9493057777777782E-5,1.5197433333333335E-5,-4.899395777777778E-5,2.6430904444444448E-5,-2.836534022222223E-4,2.535514222222221E-5,1.1811111111111108E-5,-1.8223166666666668E-4,3.3495104222222214E-4,3.1304168888888894E-5,9.74652888888889E-6,6.641326444444444E-5,-2.800577777777779E-4,1.9002389333333335E-4,9.788389333333333E-5,-7.628638888888889E-4,5.203028E-5,-8.493458222222224E-5,-9.254618E-5,2.1907416888888883E-4,1.8825104222222218E-4,7.420388888888881E-5,1.8923534888888886E-4,2.631544444444444E-4,-4.235234022222223E-4,6.815194444444445E-4,0.0011276182644444444,
Kansas,0.19188,0.195185986803470270.0,0.0,0.0,0.0,0.002262358333333334,-0.0011637222222222222,-1.8750138888888888E-4,0.0015871555555555556,0.0,2.288402777777777E-4,0.0,3.853375E-4,-0.0012206625,0.008339600000000003,0.0,-0.009402750000000001,0.0011795305555555556,0.003828170833333335,0.0011103375000000003,-4.211625E-4,-1.9045416666666666E-4,7.531305555555553E-4,0.0,9.891250000000002E-4,3.8548055555555507E-4,0.0,0.0,9.00597222222222E-5,0.0,-0.004449045833333335,0.0,2.3917500000000005E-4,5.654569444444445E-4,0.0061269125000000075,0.0011103375000000003,2.0240833333333338E-4,-8.552083333333325E-4,1.842083333333337E-4,9.125013888888889E-4,0.004393034722222223,-5.76736111111111E-4,3.100416666666666E-4,-0.0010094208333333336,0.001766648611111111,-3.809083333333333E-4,-0.007620962499999999,-0.0010965916666666666,-7.367180555555555E-4,0.005953819444444441,-0.009530031944444446,-1.9045416666666666E-4,-3.2185277777777764E-4,-6.259000000000001E-4,-0.004193402777777778,-0.003330572222222222,-7.628638888888889E-4,0.038097569444444465,0.0012240694444444447,-0.0029259805555555555,-0.003035684722222222,-0.002798613888888889,-0.002378295833333332,-0.00297013888888889,-0.002356776388888889,-0.00237534722222222,0.0013726486111111096,-0.0031666666666666683,-0.01332353194444445,
San Diego State,0.014128000000000002,0.0211761856810899730.0,0.0,0.0,0.0,1.6217409555555564E-4,-7.175819555555555E-5,-3.7505002222222224E-5,5.601958222222222E-5,0.0,2.2145833333333344E-5,0.0,6.378236222222223E-5,-2.6479859999999974E-5,0.0013409952755555551,0.0,-2.3888486222222227E-4,-1.0954583555555551E-4,-8.232493333333333E-5,1.8378680666666667E-4,-1.1904859999999999E-5,-4.131526666666664E-6,-1.173191688888889E-4,0.0,-1.5700917333333334E-4,-2.593645999999999E-5,0.0,0.0,-1.6686737777777777E-5,0.0,-9.049104444444461E-5,0.0,-2.0818264444444444E-5,3.0408886666666667E-5,-0.0012689162511111108,-4.8082293333333336E-5,-6.476903111111111E-5,-6.929055555555548E-5,1.0240973333333355E-5,1.5750944666666667E-4,-2.222925E-4,-1.2943111111111104E-4,4.163652888888891E-5,-1.736395555555554E-5,3.0220208222222225E-4,1.5359168888888897E-5,-4.4495159555555525E-4,-5.2401317777777754E-5,-9.590622222222207E-6,4.327244444444446E-4,-2.9507680666666697E-4,1.9490695555555557E-5,3.337347555555557E-5,-1.835400000000129E-7,3.0847666666666644E-4,2.475280000000046E-6,5.203028E-5,0.0012240694444444447,4.4843084000000005E-4,-1.2850068888888782E-5,2.2092284888888906E-4,-1.1440902666666669E-4,4.0270415555555596E-5,1.2893666666666665E-4,5.947389111111111E-5,1.7479666666666654E-4,-0.0018898251399999996,3.8422500000000025E-4,-2.6572791777777804E-4,
Michigan State,0.044004,0.081308913711160160.0,0.0,0.0,0.0,-8.240536133333332E-4,-5.380851422222223E-4,-5.034131777777777E-5,5.8280835555555597E-5,0.0,-1.1811111111111112E-4,0.0,-1.5796180000000005E-5,-2.5264117999999994E-4,2.991168044444443E-4,0.0,-0.0016675463866666672,-6.312319555555551E-5,-3.615491E-4,-4.5516179999999995E-5,7.627754866666666E-4,-3.9418402222222225E-5,-1.3728764000000006E-4,0.0,5.1823402222222266E-5,-8.026946666666683E-6,0.0,0.0,2.8495486666666666E-5,0.0,-0.0010729783333333338,0.0,-1.0394722666666668E-4,-2.671909555555555E-5,0.001400952846666667,-1.4976028E-4,-1.6555646E-4,8.926166666666698E-5,1.0861958666666663E-4,2.062131777777777E-5,-5.05278888888889E-4,-2.3377388888888882E-4,-2.143763911111111E-4,5.6501877777777784E-5,-5.962782644444444E-4,-5.521458222222223E-5,0.011516964513333334,-1.6085305333333344E-4,1.1811111111111104E-4,-6.265127777777778E-4,-0.0021864065977777788,-1.5796180000000005E-5,9.139201555555547E-5,2.6189194666666665E-4,-0.0026415699999999998,-5.577329155555554E-4,-8.493458222222224E-5,-0.0029259805555555555,-1.2850068888888782E-5,0.006611139448888887,-7.560374977777781E-4,5.845091644444443E-4,6.685729111111156E-5,-2.618566666666668E-4,-2.070547933333335E-4,-6.555266666666668E-4,-0.003308059931111111,-9.59327777777778E-4,4.7856506888888713E-4,
Saint Louis,0.050816999999999994,0.0491955251013748150.0,0.0,0.0,0.0,-3.5156902888888855E-4,8.506288177777778E-4,-9.515149222222222E-5,-1.4610415555555562E-5,0.0,1.790151055555556E-4,0.0,2.044857666666667E-5,6.609594099999999E-4,0.0012878247911111103,0.0,0.004931457917777778,-1.99404931111111E-4,-5.122217722222222E-4,5.892191E-5,-6.870309E-5,1.0312635444444447E-4,-3.7123437555555564E-4,0.0,-2.8414451555555556E-4,-1.2090152888888897E-4,0.0,0.0,-2.384309E-5,0.0,-6.886737166666669E-4,0.0,4.310583111111112E-5,-2.723760333333335E-5,-0.0024676188544444436,-1.7294719E-4,-1.9679028E-4,5.94075277777778E-4,-1.4362687333333338E-4,1.3362482555555558E-4,-8.989226055555556E-4,-3.464702777777779E-4,-7.97486222222219E-6,2.017828833333333E-4,4.776517011111112E-4,7.928326444444447E-5,-0.00111786441,1.3590597333333344E-4,1.111012166666667E-4,2.993611111110998E-6,-0.001294511076666668,-2.384309E-5,1.0748583555555552E-4,-5.812291555555556E-5,0.004602671944444443,-3.7852868E-4,-9.254618E-5,-0.003035684722222222,2.2092284888888906E-4,-7.560374977777781E-4,0.0024201996899999995,-0.0010337848622222225,-2.5676246555555543E-4,0.0012507438888888886,4.7433992222222257E-5,7.026658333333334E-4,2.581789233333348E-4,-6.310527777777785E-4,-0.003811425243333333,
Marquette,0.038377999999999995,0.046341093546776720.0,0.0,0.0,0.0,-2.9783902666666664E-4,-3.146763177777778E-4,6.333826444444446E-5,-5.117919511111111E-4,0.0,-2.1408820000000004E-4,0.0,-4.5328682222222234E-5,-2.9052146E-4,-0.0016624625022222223,0.0,-0.002228760973333334,-1.8934528000000007E-4,-2.5505444444444446E-4,-1.3061312666666668E-4,1.0125597333333334E-4,-4.5328682222222234E-5,1.954727088888889E-4,0.0,-3.098609733333334E-4,-7.951902666666669E-5,0.0,0.0,-4.5328682222222234E-5,0.0,0.0028709881222222216,0.0,2.3669466666666618E-6,-1.3598604666666667E-4,-0.0011217854177777776,1.0125597333333334E-4,8.771391111111062E-6,-1.746238888888887E-4,-3.317145999999998E-5,-1.4862270888888894E-4,6.355748666666666E-4,8.688555555555554E-5,6.466819555555557E-5,1.2157222222222207E-5,-5.125643066666666E-4,-1.0188264444444457E-5,0.0021087570155555553,1.1340347111111104E-4,-1.697256666666669E-5,-8.447477777777781E-4,0.005572184237777777,3.514041777777777E-5,-2.5989168888888936E-5,-3.9545417777777855E-5,-0.002312281666666667,0.0016322275022222221,2.1907416888888883E-4,-0.002798613888888889,-1.1440902666666669E-4,5.845091644444443E-4,-0.0010337848622222225,0.0021474969511111114,7.918842377777779E-4,-5.197216666666668E-4,4.6245493555555555E-4,-1.6985611111111108E-4,-0.0025329279844444456,1.3698055555555415E-4,0.0012194636822222204,
Gonzaga,0.027066999999999997,0.0240918317416228720.0,0.0,0.0,0.0,-9.733881777777758E-5,-1.0397395999999993E-4,9.672118888888895E-6,-2.0812951555555545E-4,0.0,-6.23803833333333E-5,0.0,-1.9413923333333327E-5,-2.0489719E-4,-7.084446533333332E-4,0.0,-0.001592866737777778,-2.065799311111111E-4,-3.5652906111111103E-4,-5.594058999999999E-5,1.2126076666666685E-5,-3.196913444444444E-5,-3.485972000000002E-5,0.0,-1.5904763777777772E-4,-8.214353999999996E-5,0.0,0.0,-1.9413923333333327E-5,0.0,0.0011693245499999991,0.0,-1.520562444444443E-5,-3.4619547777777776E-5,-0.0011480507988888876,-5.594058999999999E-5,-7.535451333333333E-5,-1.9361916666666654E-4,7.450646000000001E-5,-4.6198785555555555E-5,-1.7047711666666658E-4,-5.028972222222227E-5,6.658868222222222E-5,1.3298505555555534E-5,-1.5353579888888877E-4,1.653083111111112E-5,1.1555364555555596E-4,4.019242888888888E-5,5.533505555555563E-6,-4.259675E-4,0.002290248301111112,4.849996555555557E-5,3.882784666666667E-5,5.6049651111111043E-5,-5.663947222222221E-4,7.699768755555556E-4,1.8825104222222218E-4,-0.002378295833333332,4.0270415555555596E-5,6.685729111111156E-5,-2.5676246555555543E-4,7.918842377777779E-4,5.804163566666673E-4,-1.338755555555557E-4,3.280687144444443E-4,5.898297222222222E-4,-2.872524333333231E-5,0.0011286583333333323,0.0012360761455555555,
Michigan,0.03713,0.039637243989852650.0,0.0,0.0,0.0,-4.281800000000002E-4,2.3193277777777758E-4,-9.389833333333336E-5,-1.1111166666666679E-4,0.0,6.496111111111105E-5,0.0,-7.677222222222233E-6,7.645699999999998E-4,2.7051833333333237E-4,0.0,0.005744293888888888,-1.8198166666666692E-4,-5.211972222222223E-4,-2.2121666666666686E-5,-2.2121666666666686E-5,1.1929222222222224E-4,-3.914622222222226E-4,0.0,-2.708811111111112E-4,-1.5219666666666675E-4,0.0,0.0,-3.1299444444444456E-5,0.0,-8.67447222222223E-4,0.0,-3.897666666666668E-5,-4.6653888888888916E-5,-0.002507031111111112,-9.018833333333335E-5,-1.2148777777777784E-4,5.575000000000003E-4,-6.346055555555567E-5,7.945388888888874E-5,-4.403777777777778E-4,-2.870833333333336E-4,-4.90161111111112E-5,3.336972222222221E-4,1.617050000000001E-4,1.5590666666666668E-4,-2.2675611111111125E-4,1.9997444444444436E-4,1.0925277777777776E-4,-5.870833333333338E-4,-0.001760264444444445,3.6614444444444435E-5,6.259888888888878E-5,1.2692999999999987E-4,0.0022869444444444456,-3.0121277777777787E-4,7.420388888888881E-5,-0.00297013888888889,1.2893666666666665E-4,-2.618566666666668E-4,0.0012507438888888886,-5.197216666666668E-4,-1.338755555555557E-4,0.00157111111111111,4.102650000000001E-4,2.1777777777777754E-4,-0.0023289894444444453,0.0010048611111111096,-1.2829500000000174E-4,
Creighton,0.017190999999999998,0.0211207467513185520.0,0.0,0.0,0.0,-2.796996533333333E-4,-1.9427913333333333E-5,-1.218079888888889E-5,-1.9307410222222223E-4,0.0,-5.278976111111112E-5,0.0,-2.0304481111111112E-5,1.0173323E-4,-6.902772933333334E-4,0.0,7.378802088888886E-4,-1.4339979333333333E-4,-2.683878833333334E-4,-5.850670333333334E-5,-2.2329270000000004E-5,1.587295222222222E-5,-1.135353488888889E-4,0.0,-1.6593889111111114E-4,-8.618604222222224E-5,0.0,0.0,-2.0304481111111112E-5,0.0,3.31714961111111E-4,0.0,-1.549854E-5,-6.0913443333333346E-5,-0.00118607823,-2.2329270000000004E-5,-3.0078540000000003E-5,4.2120277777777834E-5,-3.0827364444444466E-5,-2.602142333333333E-5,-4.015773888888889E-5,-5.025527777777776E-5,1.993006888888889E-5,9.372121666666666E-5,-1.2499989666666668E-4,7.60375711111111E-5,-3.145596855555555E-4,9.313270888888885E-5,5.278976111111112E-5,-5.319052777777779E-4,6.599951033333328E-4,6.0164618888888897E-5,1.549853999999998E-5,1.2297937555555554E-4,-1.585952777777776E-4,3.7962118222222225E-4,1.8923534888888886E-4,-0.002356776388888889,5.947389111111111E-5,-2.070547933333335E-4,4.7433992222222257E-5,4.6245493555555555E-4,3.280687144444443E-4,4.102650000000001E-4,4.4608594333333314E-4,4.5149472222222244E-4,-0.0012794657966666667,0.0012055444444444435,0.002178610592222222,
Florida,0.047880000000000006,0.050709548739200320.0,0.0,0.0,0.0,-2.998255555555554E-4,4.920477777777776E-4,-1.319891666666667E-4,-3.6076888888888895E-4,0.0,2.2145833333333354E-5,0.0,-2.0374166666666665E-5,-2.8198249999999997E-4,-2.3669611111111087E-4,0.0,-0.0022528494444444447,-2.664877777777777E-4,-4.914513888888888E-4,-5.87075E-5,-5.87075E-5,-4.399638888888888E-5,-3.4926555555555563E-4,0.0,-3.2243555555555554E-4,-5.738388888888901E-5,0.0,0.0,-4.399638888888888E-5,0.0,-0.0011705875000000004,0.0,8.622111111111113E-5,-4.0453055555555565E-5,-0.00312680361111111,-5.87075E-5,-1.4714833333333337E-4,-1.1409722222222184E-4,4.677166666666655E-5,9.36558333333334E-5,-2.6652083333333324E-4,-4.0354166666666663E-4,1.5236333333333338E-4,-6.063194444444445E-5,7.294361111111126E-5,6.259888888888891E-5,-0.0015073230555555552,-2.737272222222223E-4,1.0482361111111113E-4,-7.708333333333564E-6,-0.001932045277777778,1.0659527777777778E-4,6.437055555555559E-5,1.1600611111111103E-4,0.0013175694444444441,-2.645538888888889E-4,2.631544444444444E-4,-0.00237534722222222,1.7479666666666654E-4,-6.555266666666668E-4,7.026658333333334E-4,-1.6985611111111108E-4,5.898297222222222E-4,2.1777777777777754E-4,4.5149472222222244E-4,0.0025714583333333327,0.005115721388888892,0.0027479166666666667,0.002278568611111109,
Ohio State,0.20281700000000003,0.190801909264265180.0,0.0,0.0,0.0,0.0012095659711111127,0.0018871268066666662,-2.0263260333333328E-4,-0.00103450896,0.0,2.0189322777777787E-4,0.0,-2.3954941222222224E-4,-0.0014548555899999997,-0.002990045208888888,0.0,-0.011139868748888889,4.26305624444444E-4,-9.08134388888889E-5,-6.902538566666667E-4,-2.2015142333333329E-4,-2.269942011111111E-4,6.729006888888791E-5,0.0,3.702291777777799E-5,7.283112488888891E-4,0.0,0.0,-7.640253444444445E-5,0.0,-0.004996223716666668,0.0,4.4956159777777787E-4,5.646774111111108E-5,-0.002533356632222218,2.2228191000000009E-4,2.994238199999999E-4,-5.257747222222207E-4,4.009862488888889E-4,-2.4807184111111104E-4,7.233742722222214E-4,-1.0910916666666672E-4,3.026573599999996E-4,-6.378337833333333E-4,-2.450638544444439E-4,-3.0339673555555553E-4,-0.0036632244099999967,-0.0015366401377777778,6.976232777777782E-5,0.0017028158333333328,-0.00779076829888889,-7.640253444444445E-5,-1.5428381999999983E-4,-7.436995822222223E-4,0.0037302747222222217,-0.0028628392355555554,-4.235234022222223E-4,0.0013726486111111096,-0.0018898251399999996,-0.003308059931111111,2.581789233333348E-4,-0.0025329279844444456,-2.872524333333231E-5,-0.0023289894444444453,-0.0012794657966666667,0.005115721388888892,0.03640536857888888,0.0017383805555555546,-8.211383655555614E-4,
Louisville,0.05313,0.085179548927870890.0,0.0,0.0,0.0,-9.363611111111108E-5,-4.986944444444445E-4,-1.505916666666667E-4,-3.2448055555555564E-4,0.0,-5.315000000000007E-5,0.0,-2.657500000000002E-5,-1.7032500000000003E-4,-0.0010856861111111125,0.0,-0.0014459166666666678,-4.870750000000003E-4,-9.148638888888893E-4,-7.657500000000003E-5,-1.4464166666666668E-4,-2.657500000000002E-5,-6.051416666666671E-4,0.0,-3.2172500000000014E-4,-2.2141388888888898E-4,0.0,0.0,-5.019722222222223E-5,0.0,-0.0012927444444444454,0.0,-1.0039444444444446E-4,2.3622222222222217E-5,-0.004492133333333335,-1.4464166666666668E-4,-1.94838888888889E-4,-4.270833333333335E-4,3.660555555555553E-4,1.005916666666665E-4,-5.489333333333335E-4,-4.60416666666667E-4,1.7716666666666646E-4,1.7736388888888873E-4,-4.910833333333303E-5,2.2736388888888883E-4,-0.0032102194444444455,-1.1191944444444466E-4,7.67722222222221E-5,-7.791666666666685E-4,-0.0024643972222222234,2.5393888888888887E-4,1.0039444444444417E-4,5.103027777777779E-4,-0.0010513888888888884,7.943611111111092E-5,6.815194444444445E-4,-0.0031666666666666683,3.8422500000000025E-4,-9.59327777777778E-4,-6.310527777777785E-4,1.3698055555555415E-4,0.0011286583333333323,0.0010048611111111096,0.0012055444444444435,0.0027479166666666667,0.0017383805555555546,0.007255555555555549,0.008405047222222222,
Indiana,0.14656699999999998,0.201370117282690220.0,0.0,0.0,0.0,1.5713541555555625E-4,-9.702926377777781E-4,2.919576744444444E-4,-8.36553404444445E-4,0.0,-5.938803833333335E-4,0.0,-1.7311191222222226E-4,-8.776430900000003E-4,-0.00702903409777778,0.0,-0.006255565971111114,2.4738617999999987E-4,-3.1270927222222305E-4,-4.988163566666668E-4,-2.8713923333333444E-5,-1.3693447888888895E-4,-1.0251597777778522E-5,0.0,1.0112013999999979E-4,6.706723599999997E-4,0.0,0.0,-9.965034444444474E-6,0.0,-0.003910966772222225,0.0,-2.738689577777779E-4,-3.200114255555557E-4,0.0016545086455555514,-3.9457225666666675E-4,0.0011276182644444444,-0.001274733055555556,-2.8569152888888915E-4,-6.17662118888889E-4,-0.0010485604500000008,0.0020974880555555556,-2.8199264000000027E-4,-2.3954906111111157E-4,-0.0016993485766666674,3.019227088888888E-4,-8.2931468777778E-4,-3.790012488888894E-4,5.93880383333333E-4,-0.001962114722222225,-0.006347841910000006,4.388571877777777E-4,-3.019227088888891E-4,0.0010889393066666664,-0.009479794722222224,-5.148225688888891E-4,0.0011276182644444444,-0.01332353194444445,-2.6572791777777804E-4,4.7856506888888713E-4,-0.003811425243333333,0.0012194636822222204,0.0012360761455555555,-1.2829500000000174E-4,0.002178610592222222,0.002278568611111109,-8.211383655555614E-4,0.008405047222222222,0.040549924134444415,
